price_9,eps_gap,bps_gap,capax_gap,cfo_gap,ebit_gap,sales_gap,fcf_gap,ni_gap,binary
588,-15,-45,1,-182,-45,13,-182,-18,0
14075,15,245,52,385,-15,-17,333,4,0
95200,31,2430,-95,575,126,426,670,82,1
25425,493,236,104,986,624,780,882,351,0
217250,203,2458,86,342,-148,39,255,29,1
159750,813,1706,193,-1005,108,1129,-1199,201,0
11100,784,294,103,983,620,779,881,352,0
132250,516,6594,90,-815,1232,5021,-905,-282,0
2795,99,123,-4,122,9,-63,126,69,0
81850,-954,3261,7,-2944,290,5949,-2950,-448,1
20075,-117,-16,-3,26,-13,13,29,-14,1
21525,73,890,25,308,77,77,283,88,0
12950,4,158,5,-9,-6,8,-14,-1,1
32875,-927,1710,1909,9978,212,7345,8069,-3758,1
808,-22,-74,17,181,-11,53,163,-22,0
16925,3026,3952,60,241,64,330,181,522,1
3797,-42,120,110,85,-107,-106,-26,-27,1
88450,1826,5022,15,-26,-72,27,-41,94,0
7235,-148,388,10,110,-30,-33,100,-34,1
23350,-512,16,16,-27,-6,-72,-44,-21,0
7605,-161,-61,390,30,-8,6,-362,-9,1
79900,307,1180,-3,-9,-7,-24,-6,1,0
116000,3977,3954,-42,-139,157,313,-97,244,1
77200,784,3675,6465,4641,5831,4028,-1825,5698,0
1156500,-5528,31881,70,38,-33,764,-33,11,0
3058,85,129,0,39,-27,-13,39,67,0
7260,130,79,-9,200,24,44,209,73,0
38575,1118,1857,8,219,378,784,210,1608,0
56350,846,1359,-13,-32,1,15,-20,19,1
37400,568,1709,88,148,39,168,60,38,0
969,-7,1,-89,-76,-10,-17,14,-7,1
4071,168,287,13,58,34,376,45,37,0
21775,-2917,-4369,-1,156,-5,-24,157,-48,0
15075,-44,676,-98,-25,-66,-158,72,-20,0
1320,130,-230,118,-288,77,94,-407,35,1
42650,-90,-41,1,-32,-43,-20,-33,-20,1
87700,-2208,132877,-3,-31,0,17,-28,-18,0
28650,-1012,738,66,-1170,-422,-425,-1236,-392,0
178000,-9207,7835,16,-26,8,87,-41,-155,0
10310,98,-188,0,39,1,5,40,2,0
8320,-611,-788,-3,-20,-46,-191,-17,-47,0
11400,-1166,-773,-73,-1154,-33,-35,-1081,-1114,0
6725,-208,-264,-2,121,-17,69,123,-21,0
3675,12,-33,27,14,4,-3,-14,5,1
4923,-48,14,3,-11,6,24,-14,-20,0
20025,-249,-606,-25,258,-21,384,283,-77,1
1298,-4,-3,53,-556,117,724,-609,-29,0
326750,-267,3018,8,78,-8,-8,69,-2,0
9560,-956,-512,0,-26,-1,-83,-26,-66,0
1958,38,76,-104,1,44,131,105,88,1
10950,35,-60,-1,83,0,-21,83,6,1
5555,-42,127,7,25,-3,0,17,-4,1
2248,237,591,13,-208,12,36,-221,103,1
1741,-98,-98,106,388,-62,-235,282,-43,0
68550,-2341,-2133,-14,27,18,113,41,-107,1
22750,-328,547,102,-151,-50,99,-253,-114,1
7055,-100,7,123,4324,-102,-64,4201,-245,0
3685,-4,136,128,214,-2,-136,86,-2,0
25750,-675,202,10,91,-25,139,81,-64,0
92300,31388,50776,-152,484,5,71,637,14705,1
3046,257,104,-10,-80,-1,-31,-69,58,0
26150,-20,407,12,43,3,6,31,-3,1
75550,557,1465,-2,477,218,467,479,179,0
31125,3998,4882,-46,109,5,35,155,422,1
66800,-47,1594,7,659,44,1892,653,16,0
110250,2569,5169,-43,-137,264,574,-94,120,1
7965,55,1272,13,-3,0,-122,-16,4,0
5900,-451,468,15,181,-159,-273,166,-91,1
3306,-12,73,-5,44,15,14,49,-2,0
44700,-155,2352,3,-42,0,24,-45,-5,0
17675,504,53,24,-75,17,22,-99,20,0
24750,-2342,485,14,113,-17,-52,99,-45,1
6855,45,151,9,21,17,69,12,9,0
35925,-231,1837,33,486,-28,42,453,-65,0
27225,-498,709,0,-58,17,-12,-58,-25,0
18900,-392,-63,-6,74,24,157,80,-35,0
29025,-558,-1402,5,550,169,120,545,-65,0
13150,1,431,-71,-63,-52,326,8,-2,0
1453,22,39,-19,14,18,40,33,26,0
375500,3402,59418,389,663,208,1273,274,359,0
24225,25,-176,8,-78,-24,13,-86,1,1
11125,1,8,0,-127,-2,65,-127,0,0
1818,26,53,11,30,-53,-160,20,19,1
55575,-21,-45,-63,229,44,5848,292,-17,1
1975,79,10,-3,-89,-19,-24,-86,17,0
2283,-22,-11,5,-68,14,40,-73,-4,0
3920,-30,5,-6,-10,-2,18,-4,-5,1
2035,-32,99,-2,136,-18,449,138,-23,0
264250,-678,610,-626,-3546,-2481,-4424,-2920,-1662,1
17975,-26,526,-2,-1,-4,-1,1,-4,0
8445,132,173,-97,166,27,92,264,17,0
211000,22637,15177,16,123,-7,-226,107,208,1
939,96,144,9,19,14,14,9,34,0
1153,-14,-40,41,581,56,424,540,39,0
1800,0,37,8,114,-9,13,107,0,0
3723,-87,136,-11,58,-15,-21,69,-29,0
21775,-85,59,0,-64,-26,50,-63,-38,1
3803,-162,-265,2,183,6,186,181,-21,0
99250,-1074,4312,156,-595,-10,526,-750,-56,0
4112,-14,-69,4,-18,-8,-5,-22,-11,1
9775,188,273,11,673,16,1719,662,40,1
14825,-10,258,-92,72,94,234,164,51,1
18625,-959,-331,19,80,-20,-7,60,-63,1
5128,111,96,-4,38,35,83,43,36,0
18750,-286,-115,12,-46,27,16,-59,-55,1
53900,-408,628,3,-248,-58,-152,-251,-32,1
1169500,7875,92355,5,770,-26,-21,764,27,1
1305,213,-9,-184,52,92,151,236,297,0
123750,5006,7166,-124,-589,509,921,-465,390,1
2385,14,23,-9,50,5,1,59,5,0
12775,262,960,-5,8,234,-501,13,304,1
5016,-409,-841,180,-310,-7,-57,-490,-198,0
31600,-8921,1533,1601,-199,-187,392,-1799,-7595,1
81350,-1244,3525,-89,-338,-384,2558,-249,-2113,1
1925,4,16,-1,-31,4,64,-30,8,1
8335,96,104,-4,157,-43,-96,161,31,0
5321,72,-78,260,1148,89,1144,888,99,0
30425,-91,316,26,-192,-35,82,-218,-54,1
1218,-8,-57,-2,19,-8,-5,21,-7,0
2990,-25,38,15,43,0,6,28,-3,1
175600,-1209,2668,-62,-32,-16,-40,30,-27,1
40150,-44,16,32,-292,-41,90,-324,-19,1
24600,-137,915,10,-194,9,112,-204,2,1
41375,426,1201,41,45,115,364,4,110,1
54400,-1460,1653,200,7065,12,1184,6865,-2027,1
978,-22,-14,-2,-122,-61,-152,-120,-45,0
10425,174,224,-3,-1,8,11,2,17,1
110000,4407,7442,0,8,13,156,7,29,0
2210,96,77,42,57,-6,-25,14,38,0
19550,165,490,6,77,-6,114,70,37,1
1783,467,406,13,138,-13,-20,124,185,0
6055,41,301,-44,115,-62,211,159,-15,0
187250,2330,5782,-1625,-1189,-363,-400,436,132,1
6170,-47,160,-1,96,-13,-4,97,-19,0
2208,5,0,0,-16,-3,-19,-16,2,0
14175,29,446,-22,73,-15,13,93,6,0
340250,-2265,4757,447,204,-143,-191,-243,-140,1
18875,170,565,-11,291,55,117,300,40,1
36375,111,1141,29,-46,-1,-129,-76,15,0
4251,-133,12,57,-374,-23,-61,-431,-48,0
12400,-892,-164,2,114,-160,-118,113,-136,0
40450,159,577,0,-46,0,-6,-46,5,0
17675,457,-320,-78,174,4,45,251,68,0
103150,-10544,980,39,-2756,-582,-5304,-2795,-516,1
37600,342,2634,12,-18,14,27,-30,23,1
17275,39,314,19,402,8,173,383,1,0
6810,41,140,2,23,7,-2,21,6,1
150250,-973,3366,-146,-1555,-126,2372,-1409,-313,0
3833,-51,-11,12,25,-20,-31,13,-8,0
8190,-100,339,-23,16,-130,-12,40,-66,0
3370,-124,42,-8,-121,-104,-109,-113,-100,1
65200,-344,2939,1,16,-10,31,15,-9,1
10725,49,279,23,184,-2,62,161,6,0
745,-59,-70,21,14,-17,-14,-7,-27,0
16725,-125,1017,2,-1959,45,508,-1960,-11,1
14800,1465,826,5,-107,77,140,-112,234,1
6060,381,498,-36,290,194,363,325,96,0
15275,307,208,12,153,-22,456,141,21,1
48450,-2584,-417,-85,28,-19,142,113,-124,0
1520,-19,19,44,-110,11,15,-154,4,1
4083,11,136,-10,302,-55,-40,312,10,0
59150,-167,186,30,354,84,711,324,-17,1
16075,294,796,-2,-40,-7,-34,-38,27,1
36400,227,600,321,-225,233,630,-546,210,1
19200,54,333,30,200,20,3,170,31,1
1449500,-27936,41322,-125,629,-37,957,754,-380,0
3713,147,127,-1,-32,7,216,-32,17,0
3133,-130,13,29,-38,-32,-65,-68,-25,0
15525,1185,1400,47,176,15,181,129,153,1
48125,2109,3586,3,263,55,105,260,67,1
15975,-75,595,-3,-170,68,38,-167,-42,0
326750,-3878,9316,-83,13,-3859,-1328,96,-4469,1
137250,215,787,-42,47,23,189,90,19,1
4668,69,144,-3,-28,3,29,-25,5,1
13750,152,356,2,22,20,39,20,30,0
7520,-308,120,-61,-183,104,-323,-123,-62,1
17750,-11432,383,50,199,-12,-343,149,-1583,0
6850,-22,107,4,19,-3,83,15,-4,1
161750,2672,4330,2,59,12,12,58,24,0
56650,-195,3746,-16,122,-2,29,138,-16,0
18400,179,1203,-167,-146,-55,-93,20,61,1
2018,130,-1,1,62,-40,20,61,48,0
35550,28,1358,3621,94,-25,916,-3528,-84,0
2491500,482,1718,33409,18289,41681,104530,-15120,33695,1
16750,385,613,43,184,91,72,141,63,0
12700,3682,1002,-28,406,154,494,433,775,0
67900,-1121,-32979,-14,-241,-294,-3128,-226,-137,0
277250,-576,10054,256,-307,122,326,-563,-25,1
9320,24,188,345,239,60,160,-106,25,1
81200,-1348,1800,62,-1787,-99,129,-1849,-397,0
192750,1765,2726,11,-414,208,548,-425,199,1
1211,87,107,-10,165,-1,-31,176,62,0
27900,1080,433,108,1539,270,2935,1431,777,0
206750,1594,5622,-658,-1117,728,1495,-458,1049,0
1405,-28,1,0,8,-11,-13,8,-25,1
5280,146,20,1,-43,-1,44,-43,22,1
1925,-41,-54,-7,-19,-5,31,-11,-14,0
260750,-12576,-1184,1352,-968,-1194,-2108,-2320,-818,0
12300,-105,447,17,116,-19,10,100,-10,0
66900,-182,1614,-491,405,-126,-252,897,-45,1
4680,-92,270,3,33,1,1,29,-11,1
2900,13,-18,15,-1,5,73,-15,6,0
5557,169,114,-5,49,22,87,53,20,1
2920,8,-37,10,1,13,36,-10,3,1
35900,248,528,303,31,270,2426,-272,177,1
620,6,-7,0,4,3,3,4,5,0
69900,244,1984,65,336,25,210,270,6,0
3245,9,50,-18,143,-1,14,161,6,1
740500,958,11228,317,-260,115,-184,-576,29,1
3548,1,0,-8,-44,7,-5,-36,0,0
35525,821,2365,-22,-22,-34,-5,1,16,0
34500,33,106,-7,50,-4,9,57,4,1
6950,-706,127,2,109,-121,-349,107,-96,1
3077,62,327,-55,-179,7,31,-125,12,1
4993,62,35,122,194,25,-16,72,27,0
52650,988,2305,160,35,96,166,-125,57,1
39000,-56,720,-7,-40,-1,-98,-33,-9,1
2642,148,163,2,17,13,105,15,149,1
13650,-93,326,1,10,-11,17,10,-3,0
17850,109,180,85,248,-6,1,162,37,0
15275,24,1048,-6,-15,33,69,-9,2,0
7655,-603,124,-70,628,-337,-843,698,-322,0
3585,-214,-39,3,-300,11,97,-303,-95,1
1638,-25,19,-8,-135,41,49,-128,-18,0
8160,-252,241,-12,-40,6,93,-28,-26,1
4005,-47,-136,-42,-4,11,-3,37,-6,1
34375,279,460,64,67,7,16,3,39,0
26775,-509,-669,-1,17,-12,-40,18,-6,0
1855,-84,17,4,-207,-34,-221,-211,-48,0
2575,35,2,-4,-129,3,-12,-124,27,0
56700,6,92,124,-1061,73,-1214,-1185,3,1
731,27,1103,-1,-25,-6,-10,-24,2,0
90650,40,180,12,252,18,53,239,30,1
1320,2,-1,1,-8,-2,-84,-9,2,0
2718,36,56,2,45,11,-46,44,12,0
20500,371,451,1,8,2,-1,7,6,1
104650,402,1945,-569,1787,452,1394,2356,335,0
4590,-23,229,-1,-67,-14,127,-65,-7,0
2328,-3,88,-3,-7,-1,-91,-4,0,0
2513,-134,53,66,109,101,162,43,-71,1
158500,-468,-465,1773,0,-119,-98,-1773,-110,1
1813,-46,-78,-7,-151,-62,-33,-144,-27,1
8345,-47,115,-21,134,-41,379,154,-26,1
2750,34,91,2,-233,-38,-99,-235,23,1
2022,-2,17,5,16,2,8,11,-1,1
8825,174,1057,17,4282,538,2248,4265,299,1
12275,18,10,3,-1,12,15,-5,9,1
5720,-41,279,14,171,30,-51,157,-31,0
33675,-68,475,51,-385,-55,-91,-436,-9,1
10535,-82,632,3,9,5,30,5,-5,1
2558,172,30,2,45,13,-2,43,72,0
141750,36880,65487,-1431,4690,-117,-1786,6122,21527,0
4325,-123,41,57,324,33,44,268,-76,1
16500,1186,-49,18,-52,36,-67,-70,37,0
10025,80,264,9,-24,26,17,-32,27,0
1321,137,160,0,52,-6,-17,52,51,0
44175,160,1794,2,-72,-2,-7,-75,4,0
10400,25,121,-2,35,2,24,38,4,0
35150,-511,1900,-106,-2725,222,2942,-2619,-748,0
51300,855,4593,81,454,247,1166,374,201,1
105100,2346,4572,185,-4037,-380,-4390,-4222,543,1
11125,19,35,-19,26,-5,-259,45,7,0
56350,451,1224,-24,-453,78,289,-429,138,1
502750,75,11408,132,1854,120,979,1722,8,0
10555,-66,290,-181,3247,-68,-1373,3428,-360,0
3995,26,87,2,5,18,49,2,12,1
7370,89,46,-2,14,13,42,16,11,0
1503,6,-31,1,-65,-15,-610,-66,2,0
4942,82,-8,3,60,7,94,57,9,1
2265,47,-28,-9,-17,-15,35,-9,7,1
96750,5161,7780,40,9809,-233,-1244,9769,994,0
4786,-226,-224,-281,-375,-148,-464,-94,-84,0
3470,28,471,-12,-21,9,-139,-10,20,0
32850,1018,2274,209,-617,162,810,-825,316,1
3561,42,123,-4,44,7,36,46,19,0
122000,-2804,576,5,3526,-2162,-5352,3520,-3270,0
7035,-166,-310,-1,-46,-34,-2,-47,-29,0
19300,145,-128,9,-76,28,-12,-85,44,1
163500,-825,1274,-453,-358,-343,-3051,94,-196,0
1258,-5,-12,8,-24,-18,-81,-33,-2,1
1735,-21,7,8,-207,-7,-172,-215,-12,1
393750,-3646,17197,-212,-1671,-1826,-1427,-1459,-1259,0
8695,2784,-485,-140,-370,31,-605,-229,5609,0
65250,1406,2209,-233,1613,-130,-585,1848,383,0
2245,111,26,0,9,0,14,9,5,1
2435,-8,11,-6,22,15,40,28,-1,1
693,38,-8,0,4,21,28,5,27,0
3982,14,71,38,16,-10,-39,-22,3,1
37300,-347,437,-2,24,-9,46,26,-7,0
3005,39,32,0,33,14,12,33,11,0
12625,-217,448,-2,291,-30,-617,293,-25,0
4766,-19,284,2,66,-14,-24,64,-11,0
3893,-18,28,2,10,-14,37,7,-5,1
21625,964,2061,-1,-46,20,-19,-46,127,0
76400,-966,2662,16,4235,-215,-1691,4218,-329,1
39600,807,1620,93,1411,64,282,1319,315,1
1980,47,-82,-81,1181,-67,-286,1262,82,0
796,-12,77,2,-40,2,32,-42,-22,0
1295,11,22,-2,-36,-5,17,-33,10,0
4821,65,130,-24,-102,8,77,-79,22,0
53350,-3153,73427,-188,-841,-22,57,-653,-95,0
227250,-2875,8500,-611,-1648,-1763,-9853,-1037,-2797,1
1336,5,-7,-2,1,-4,14,3,2,0
3608,1767,1491,-1,22,12,-31,23,147,0
4302,49,59,33,172,16,-12,139,22,1
9785,89,506,17,77,-7,49,61,4,1
35500,65,1195,321,1609,2,2311,1288,62,1
6730,178,249,1,16,7,53,15,48,0
88150,-117,1088,-7,-106,-80,203,-98,-44,1
1074,-19,68,0,30,-27,91,30,-21,0
2620,-392,-232,-65,57,-52,-283,122,-126,0
1665,-10,2,-2,-47,-2,-22,-45,-2,1
21350,425,1069,-20,66,-4,13,86,59,1
5825,-103,60,78,166,-46,-253,89,-22,1
942,-1,22,-2,366,-9,219,366,-1,1
2320,-48,-21,4,-91,15,-25,-95,-32,1
7525,15,483,-22,169,35,98,191,13,0
17850,1042,1496,-15,2252,124,1497,2267,98,0
4955,66,106,-5,69,1,-16,73,9,0
7860,-38,302,25,16,-33,-60,-8,-9,1
5717,-27,-28,-2,63,4,8,65,-9,1
9485,211,32,4,-50,-2,-32,-55,25,1
46250,13,199,88,-23,-1,58,-111,1,1
2043,11,-12,-5,-108,4,-46,-103,4,0
4168,-39,-30,8,-96,-34,28,-105,-39,0
31350,445,2043,-46,122,-10,69,167,20,0
4932,1092,1204,1,101,11,14,100,219,1
3230,-70,18,24,221,-59,-47,196,-48,0
3298,199,278,-6,-155,-8,64,-149,69,1
2790,42,125,9,101,22,67,92,5,1
9430,125,-13,0,28,-9,54,27,36,1
76700,-215,1292,26,92,-52,-107,66,-18,0
4230,135,341,-31,637,132,880,669,64,0
53100,-27,879,-29,316,73,281,345,13,0
48975,392,2552,355,-71,36,86,-426,32,0
2691,41,38,-3,10,0,1,13,7,0
1353,35,36,-1,92,17,-36,92,14,0
4387,-20,83,-10,48,-5,6,57,-3,1
1253,4,11,1,164,5,-9,162,2,0
954,5,21,-3,5,11,8,8,5,0
58950,1331,2367,1,74,2,27,73,27,0
1029,5,-46,-11,54,4,18,65,3,1
37575,-2102,1329,-79,-1298,-152,-2558,-1218,-128,1
8930,-79,988,5,-15,-4,3,-20,-4,0
7865,31,188,-3,-61,6,15,-58,5,0
6055,9,-659,-59,10,-172,-1961,69,-26,1
40650,-840,641,1070,-17523,-6167,-22211,-18593,-5411,0
6115,-74,-107,89,-239,100,362,-327,-4,0
5185,75,166,12,357,19,-53,344,37,1
12275,100,-65,-20,-112,1,-90,-91,6,1
84300,123,-307,-16,-113,29,4,-97,30,1
134000,-1241,2851,1017,541,78,-503,-476,-64,0
8770,-4372,-2677,22,130,-211,58,108,-614,0
27950,589,1439,109,-153,19,493,-263,29,1
1690,33,-3,0,-27,2,-8,-27,13,1
8650,-1311,-130,0,-370,-313,-1769,-369,-311,0
2273,-38,6,0,5,-16,19,5,-28,0
1440,7,88,-1,97,0,26,97,1,1
2515,32,-3,48,-21,-10,-12,-69,14,1
6065,205,249,-31,-14,25,47,17,59,0
8515,408,282,9,-77,38,97,-86,75,1
93850,-3712,997,20,-1568,-248,-3514,-1589,-187,1
1540,18,49,3,-43,8,32,-46,9,0
249750,443,10846,-2124,-481,128,1112,1644,370,1
879,-12,-31,-8,-11,2,-26,-5,-8,0
48750,-167,1036,15,-41,100,710,-56,-117,1
119750,3754,4797,47,328,89,313,280,147,1
8045,75,16,-4,-135,22,6,-130,16,0
2810,145,92,-10,7,9,18,17,84,1
57350,1038,4776,83,558,-50,-3203,475,80,1
5810,-64,121,-24,141,13,1,166,-28,0
4150,257,42,-60,-17,74,36,42,187,1
33400,-315,-932,-13,171,-25,-25,184,-24,1
167750,647,2170,247,2035,388,2246,1788,528,1
4063,-214,-32,-3,-49,-37,-22,-46,-61,1
102350,2464,8527,23,2098,89,-539,2076,570,0
11900,-8,80,-117,-1114,-245,-757,-996,-49,1
12500,-447,-251,4,-46,5,-10,-51,-21,0
6405,40,92,1,4,9,31,3,22,1
1836,85,206,3,105,7,4,102,14,0
12725,-21,-241,106,-239,-30,-65,-344,-5,1
22025,-118,912,-21,-86,-17,-100,-65,-11,0
4430,-757,-447,11,65,-53,-252,52,-102,1
3756,372,416,-16,69,9,-19,84,42,0
5310,-72,-37,3,-6,-8,-24,-9,-7,1
31475,-619,446,-86,-63,-157,561,24,-152,1
39425,186,591,17,111,4,126,94,77,0
4302,-857,-284,-132,287,165,348,418,-1709,1
1233,-157,-70,-2,65,-36,-50,67,-75,0
95850,274,470,65,-17,-3,132,-82,198,1
9430,609,521,-7,-35,119,-221,-28,131,0
3758,130,153,41,59,4,60,18,14,0
6855,-52,80,-38,54,-58,-146,93,-77,1
3028,3,58,-4,4,12,40,7,1,0
6815,2,271,6,27,6,9,21,1,0
5656,-18,-23,-15,-200,-104,-488,-185,-11,0
232000,-3881,-219,-340,604,-1201,-1366,945,-1073,0
18650,-116,1317,-6,-5370,63,-251,-5364,13,1
6935,-54,259,-101,-164,29,-81,-64,-13,1
6275,-50,192,12,-380,-55,-171,-392,-7,0
4841,-634,-247,16,-28,-55,-92,-43,-63,0
49400,874,3368,36,153,64,44,116,80,1
8495,30,39,10,21,-3,-1,11,2,1
4076,129,58,2,-61,-3,23,-63,104,0
4323,31,29,-4,26,-1,-26,30,5,0
12750,-135,447,3,-62,-16,15,-64,-16,0
3645,15,131,8,-201,-93,100,-209,-52,0
34725,425,702,-5,-8,22,281,-4,122,1
3763,-166,-93,6,-68,-8,51,-74,-28,0
4033,132,251,-61,-241,0,-70,-179,-6,0
2475,-24,55,9,116,-12,68,108,-4,1
566,-32,-72,-1,0,12,1,1,-12,1
4780,21,287,4,113,-5,7,107,3,1
2388,7,38,-3,78,-1,1,82,3,1
1751,120,75,-43,9,29,407,53,32,0
3978,-196,-749,-32,282,-79,-231,314,-35,0
9100,469,-64,32,-189,56,159,-221,64,0
74900,512,2924,-48,-297,8,0,-248,24,0
3475,4,48,0,103,-13,14,103,3,1
1605,5,17,-14,-20,-9,-37,-5,5,1
4855,946,1142,17,-18,12,-42,-36,172,1
73550,157,2134,24,233,-24,-88,209,17,0
2873,84,-12,1,-15,8,-92,-17,20,0
241,3,-2,0,40,-4,50,40,17,0
1440,109,62,-17,35,10,75,52,88,1
9660,158,196,46,197,79,25,151,61,1
9155,131,310,94,27,81,257,-68,65,1
6725,100,116,11,-23,4,19,-34,4,0
2336,120,49,-9,-31,5,-6,-21,19,0
34850,692,1969,18,151,111,279,132,209,0
26000,-63,223,513,285,-85,-61,-228,-52,1
5735,23,-108,-3,-6,9,-51,-2,4,0
1985,-28,-12,35,-2,-6,-245,-35,-16,0
612,890,166,-16,79,18,-21,95,292,0
4038,-14,100,-4,69,-16,32,73,-7,0
26075,-79,329,4,-712,2,-8,-716,-79,1
1463,-28,-28,-13,17,8,-7,29,-17,0
4535,21,15,11,24,4,13,12,8,1
2078,163,-208,-26,-69,15,-28,-42,45,0
1300,32,76,-50,-596,62,-280,-546,72,1
674,45,64,1,-237,48,166,-238,48,0
2556,188,-73,0,40,0,11,40,34,0
10675,387,58,11,4539,0,-2629,4526,784,1
12350,-178,421,1,427,-2,-41,426,-21,0
131000,-475,14371,848,-5378,1184,6169,-6226,-739,0
16650,167,-50,-4,-14,63,-2,-10,107,1
5986,-22,129,304,-79,79,1096,-383,-119,0
63800,699,1436,5,94,54,20,89,70,0
4487,-37,46,-18,6,1,-5,24,-18,1
18550,180,493,-12,465,290,1505,477,224,1
7940,93,-59,1,-289,48,32,-289,57,1
29925,82,890,-3741,7894,303,2308,11634,338,1
4850,92,-29,1,0,-3,-3,-1,14,0
17850,264,70,1,-27,39,13,-27,64,0
8060,-104,90,145,-185,-69,-285,-330,-51,0
9265,56,683,0,132,-5,94,132,2,1
1813,-799,-498,0,3,-10,24,3,-432,0
2900,-1,5,-3,-53,-4,-135,-50,0,1
2070,-177,-27,0,-324,44,302,-324,-177,0
37850,32,72,19,-167,-1,18,-186,4,1
61200,-746,-125,10,213,0,-327,204,-54,1
130750,750,1658,-9,571,37,182,581,29,1
4117,95,132,-5,124,-4,28,129,25,1
1723,80,37,1,191,23,196,191,29,0
4186,241,-60,1,-42,1,84,-43,38,0
24725,313,17,-9,-416,75,113,-407,64,1
11000,464,174,-81,6085,261,59,6167,281,0
7885,69,75,-30,-51,27,99,-20,31,1
14025,-311,-11,1,228,-54,-133,227,-50,1
4691,-67,-50,-1,30,-3,-62,33,-10,0
10750,-317,335,0,46,-40,-24,46,-46,0
3873,3,28,1,4,6,32,3,1,0
13675,8,311,-123,3690,52,1277,3813,37,1
13850,412,515,-2,85,8,10,86,25,0
7360,221,383,-1,-26,-6,47,-27,27,1
1267,55,19,3,17,2,66,15,30,1
560,-132,-8,-1,-103,-64,-128,-102,-102,1
5477,-11,24,0,-22,8,-5,-23,-2,1
596,77,12,0,-31,15,18,-31,46,0
6370,-483,63,-9,6,-12,-101,15,-65,0
12325,202,582,2,14,-2,-3,14,13,1
1465,31,54,1,-30,-10,15,-32,7,1
1128,65,56,1,-29,12,63,-32,21,0
1741,-14,326,7,-90,-73,3,-96,-1,0
2025,-25,19,0,-1,-12,-11,0,-9,1
12350,-476,197,-10,1796,37,-147,1808,-284,0
1425,-31,28,7,109,-53,-95,104,-27,0
2880,17,211,27,-15,11,28,-41,7,1
5130,-280,700,1,2,-6,6,1,-45,0
4750,306,128,-1,92,22,80,92,52,1
20250,635,711,-332,-242,149,556,91,117,1
5476,42,79,1,-107,11,-86,-108,38,0
1928,-6,76,1,-5,-2,-6,-6,-2,0
6080,20,145,0,156,16,136,157,4,1
1963,34,-12,2,-49,10,10,-52,9,0
4990,-210,-339,-23,137,-7,-139,160,-46,1
7140,558,259,17,57,0,-189,40,113,1
6693,275,122,-5,91,50,-37,97,46,0
8635,88,230,9,54,-16,-62,46,17,0
9985,-13,-356,129,62,24,21,-68,2,0
107000,290,2370,-533,6343,-90,-170,6874,395,1
719,-20,-4,0,51,-24,-76,53,-20,0
18500,-540,590,-11,-58,-73,-47,-48,-154,1
17025,-469,964,-1,-3132,691,3867,-3131,-636,0
24600,731,475,-21,1161,146,396,1182,133,1
32125,159,2267,1027,7103,-2226,-4333,6076,572,0
14150,-303,-222,-314,-1001,-196,-25,-687,-311,1
16025,150,441,-75,-444,97,298,-368,83,0
273250,-2628,7808,-2556,14088,-6051,-10947,16644,-4934,1
4502,-8,-13,-3,-6,-4,-18,-4,-3,1
10340,355,72,5,-139,36,428,-145,59,1
4395,1244,-26,-22,879,-66,-3057,900,713,0
5107,134,189,0,-2,7,-4,-2,12,1
35025,-91,499,-100,-1062,-269,-360,-963,-194,1
4372,86,37,0,-3,7,5,-2,17,1
751500,-981,20453,476,943,-56,474,467,-395,1
3378,-13,-64,-1,6,-14,-11,7,1,0
11875,511,94,28,197,-133,2302,169,169,1
4920,-44,-78,8,20,-28,-20,12,-19,1
1965,70,87,-2,39,-10,-17,40,55,0
131750,-627,2116,-46,-229,63,246,-185,-420,1
203000,626,7281,-135,88,112,170,223,21,1
6260,1,240,33,-129,180,172,-163,89,0
1083,6,-29,-7,537,-116,-282,543,2,1
9180,47,106,0,-13,-19,-38,-13,15,1
8605,698,551,18,329,216,372,311,280,1
7645,-109,-129,-18,12,-8,28,31,-15,1
1198,12,38,1,17,4,12,16,9,1
1167,-11,-18,0,-13,-9,0,-13,-4,1
2585,9,28,0,3,-4,-5,3,2,1
41775,969,1574,-3,113,47,152,117,58,1
7310,85,241,1,96,0,12,95,26,0
1338,149,-69,-1,-15,4,7,-14,24,1
3772,-8,30,-557,-17,54,289,540,-6,1
43525,-8185,-2273,142,5912,-8609,-36924,5770,-7588,0
178550,-983,-9453,-130,-616,-71,-75,-486,-104,1
15100,646,750,16,-213,-80,-2,-229,337,1
2510,2,27,31,-58,-25,-68,-88,1,0
437250,599,17586,48,-1021,72,191,-1069,134,1
11775,-37,438,3,-144,97,367,-147,-13,1
581,7,8,7,49,7,21,43,24,1
4408,5,130,0,6,0,4,7,1,0
6550,-132,46,0,-48,-27,-53,-48,-19,1
2835,69,86,21,-70,34,78,-91,48,0
23775,350,960,-20,-653,24,71,-634,35,0
4445,65,195,4,233,10,100,229,11,1
64900,1156,2,-137,-413,53,-34,-277,194,1
9600,105,265,21,76,0,45,54,24,1
14925,-10,279,-72,-182,4,3,-111,-5,0
1837,23,33,4,24,7,76,20,18,1
2115,-107,-226,-62,-131,-39,-374,-69,-47,0
7205,-509,-506,9,-8,-105,-415,-17,-83,0
9975,-77,4,0,-6,-4,21,-6,-6,1
1735,481,52,76,187,45,1256,111,444,0
4766,57,91,-6,235,-6,38,241,8,0
7760,-477,542,-1,-349,58,247,-350,-153,1
1740,5,45,2,17,-5,19,16,3,0
2230,27,40,-4,48,3,7,52,23,1
4270,182,235,-18,81,18,71,99,16,0
3608,64,-101,-79,-316,-11,-93,-236,32,1
11925,-53,108,-18,76,-1,-8,93,-2,1
2248,-459,-57,-69,-419,-125,-338,-350,-110,0
24150,-696,-423,-5,-76,2,-21,-71,-75,1
16100,31,364,-968,-1191,7,4,-223,3,1
4840,49,16,0,-29,2,-14,-29,7,1
3353,-287,16,-23,-179,-137,-214,-156,-308,0
9480,250,630,-1,254,131,495,254,117,1
1470,-20,10,1,11,-1,9,11,-7,1
5117,-106,-101,5,-359,-35,-637,-364,-20,1
10430,1075,27,-2,10,40,32,12,123,0
3490,39,5,-1,6,13,6,7,18,1
5726,-404,-244,-1,8,-27,-45,7,-46,0
3125,-164,-140,8,-203,-55,-134,-212,-24,1
76400,645,1205,127,216,16,-35,89,80,1
85650,-696,-188,-116,24,-55,-87,141,-86,1
7650,-31,82,0,0,-3,-4,1,-10,1
1165,463,13,40,-51,87,120,-91,181,1
9110,83,87,4,-8,8,-44,-14,7,1
3115,128,49,-1,178,13,336,179,25,1
3657,-14,155,2,7,3,7,5,-3,1
18675,254,609,-28,14,16,54,42,38,1
5965,1011,-335,-17,35,4,235,52,274,1
4541,1051,-137,2,19,38,-98,17,84,0
9180,-204,175,-64,-28,-20,-48,36,-21,1
31675,260,250,25,-10,-2,28,-36,30,1
4600,52,11,2,11,3,7,8,12,1
2693,115,53,2,14,24,79,13,44,0
10390,-792,-431,-9,-125,-81,-167,-116,-96,0
2290,285,128,-42,-77,102,79,-35,120,0
2640,19,-15,0,-14,-5,-5,-15,19,1
7540,-14,157,6,-17,0,-13,-22,-3,1
3155,-116,-107,27,-73,-53,-273,-100,15,0
13325,338,418,64,8,86,467,-56,56,1
1493,47,-66,1,8,-1,8,7,3,0
14625,-61,-50,-3,-1,4,27,2,-21,0
11325,266,80,0,-56,17,128,-56,48,0
7150,-7,-7,0,0,1,-5,0,-1,0
29725,506,275,28,48,2,-4,20,118,1
7915,-1312,-1323,-1,-176,-43,-130,-175,-160,0
4057,404,82,13,22,7,370,9,109,1
7470,114,419,48,85,-16,14,38,29,1
30800,181,388,6,5,13,25,0,25,1
10560,-340,-100,2,-12,-2,-17,-14,-39,1
13625,-259,83,-9,-26,-7,-12,-17,-23,0
35250,2,11,2,26,-5,13,23,0,1
1788,-23,-12,-2,11,-13,-2,13,-13,1
1813,-2,37,-5,-95,-8,19,-90,-1,0
13875,25,617,20,59,31,91,38,17,0
3655,106,96,0,154,13,160,153,16,1
2828,10,17,0,4,3,1,3,3,1
7335,30,91,-9,11,-9,1,20,1,1
8375,41,906,55,-2315,663,2118,-2370,93,1
659,1,-15,-19,5,5,17,24,1,1
29425,-3276,854,12,126,40,127,115,-474,1
4050,-99,-195,-12,12,8,-23,23,-21,1
1370,445,58,47,-18,73,20,-66,168,0
1093,22,-82,-5,42,-8,2,45,7,0
17425,-754,161,1,212,-121,-221,211,-51,0
10195,-2983,269,212,-205,-69,-344,-417,-626,1
4122,-13,43,8,-14,-4,-21,-23,-1,1
5880,48,-115,-3,14,16,-3,17,9,0
3725,170,-16,0,1,10,-9,1,36,1
2000,-40,317,-2,7,-4,17,8,-11,0
3887,-143,-78,-4,-29,-9,-25,-26,-13,1
186,-13,-11,17,125,-34,-72,107,-37,0
11075,296,514,3,93,39,259,91,49,1
821,-44,-46,6,-97,-26,5,-103,-27,0
9465,278,590,-29,-48,53,45,-19,64,0
6030,-65,-42,-2,1,-6,-2,2,-6,1
1833,96,47,0,5,14,36,5,18,0
26425,369,458,-16,175,1,59,190,38,1
4933,-41,64,1,30,-4,-12,29,-4,1
13000,883,190,37,-418,133,-121,-455,159,1
3627,-37,135,-1,-17,4,16,-17,-3,1
1861,25,57,-1,31,21,46,32,18,0
2521,-17,12,0,-11,-5,-18,-10,-6,0
10470,-17,195,2,-15,-1,-16,-17,-1,1
1790,-21,8,-3,-27,-12,1,-24,-5,1
5340,178,-236,8,-237,49,52,-245,32,1
3221,14,263,-2,-291,18,128,-288,8,0
6180,64,260,-21,6,8,82,27,7,1
7780,32,87,-1,78,-7,-67,78,7,1
5347,135,217,2,-27,5,41,-29,20,1
1305,-4,12,-2,-44,-15,-53,-43,-2,1
6800,268,202,0,315,30,-33,315,63,1
23775,250,350,-118,-338,7,108,-221,180,1
4003,-320,70,0,-112,-16,-114,-111,-47,0
2603,45,12,8,16,-2,-14,8,9,1
7125,-146,346,-38,-4030,247,4740,-3992,-613,0
20375,-613,300,18,506,-134,8963,489,-730,0
3855,32,-60,1,-30,22,17,-30,8,1
5755,291,259,13,-1,68,213,-14,94,0
2778,107,45,-1,40,20,6,41,45,0
2507,-3,25,2,-14,-2,-19,-16,-1,1
45025,-536,-420,143,3255,-1360,-1667,3112,-523,1
1270,-107,91,-51,-22,-33,-222,29,-53,1
68250,559,413,-130,29,17,75,158,82,0
5295,39,145,-5,-19,9,7,-14,12,1
8140,-409,-195,32,54,-32,-48,21,-47,1
31450,8,12,2,-2,0,-8,-4,1,1
2888,8,-2,0,50,-15,-35,50,6,0
5615,292,515,15,13,14,-54,-4,38,1
2228,-73,10,20,-52,2,25,-72,-10,0
2200,22,16,-18,-9,10,59,9,40,1
8300,285,297,-5,61,35,-36,65,43,1
11050,198,302,-543,137,-19,-68,680,22,0
5631,167,131,-3,-20,50,27,-16,61,0
2795,61,37,-22,21,-1,3,43,12,1
7825,439,-20,-6,-12,101,22,-6,84,1
9980,-90,-43,1,-7,22,17,-8,-8,0
984,-17,12,-5,-129,-52,-279,-124,-26,0
3558,-22,-32,-1,-7,-2,104,-6,-7,0
7950,207,428,-12,294,8,30,305,48,0
4698,67,-293,-2,2,-15,-5,4,8,0
2121,-234,-16,30,-192,-86,-111,-222,-91,0
2993,-41,-139,1,-27,-10,-17,-28,-5,1
190000,-5490,670,-186,-42,-214,-439,143,-211,1
10600,840,583,21,185,55,224,163,84,0
69950,264,595,-3,24,75,249,26,21,1
37475,368,924,40,14,18,27,-26,34,1
2570,104,-99,59,-229,-250,-67,-288,54,1
882,0,4,0,36,12,75,38,0,1
2718,-137,-90,-7,-163,3,-23,-157,-23,0
2435,472,-597,4,-135,-653,74,-138,90,1
2230,39,-25,0,22,10,37,23,8,1
51450,1053,-812,-21,-7,216,-42,12,157,1
4625,116,-1,-12,-30,7,113,-18,16,1
37975,531,367,-10,313,95,398,322,64,1
42850,426,835,182,130,229,692,-52,191,0
975,55,-80,-48,15,115,3,63,69,1
902000,-707,10476,-22,-2094,-275,-706,-2072,-123,1
386750,578,8211,1913,7317,-700,-1046,5404,422,1
1137,97,68,0,6,11,0,5,20,0
5910,-16,18,-4,13,-5,-4,16,-5,0
3955,-151,-170,4,-8,-74,18,-12,-12,1
3185,1,1,-1,63,0,-3,63,-1,1
15675,-47,181,-12,50,-20,-58,63,-7,1
604,20,40,-13,9,5,-11,22,26,0
10480,-598,-465,-1,-65,30,-41,-64,-95,1
38400,351,328,9,-17,31,127,-27,34,1
15000,292,28,0,-23,13,8,-22,33,1
5495,-81,-48,1,68,-29,-139,66,-10,1
1135,-43,-4,-14,-69,-1,-12,-54,-19,0
8285,10,23,-5,83,-2,6,87,2,1
1121,-98,42,30,-29,-5,-27,-59,-15,0
1440,189,36,1,1,-6,12,0,63,1
7150,40,80,-3,4,0,6,7,2,1
15000,-48,335,15,-452,-60,56,-467,-25,0
3703,-126,-65,2,-49,1,87,-51,-24,1
2067,-61,-81,-42,-96,22,25,-55,-12,1
5860,154,4,1,-83,34,168,-84,26,0
5790,-161,70,-1,-6,-24,-46,-6,-18,0
5502,24,26,0,11,11,-1,10,8,1
6340,19,74,-1,78,11,-20,78,7,1
14300,138,334,90,262,2,34,171,15,0
17300,-9,549,-5,-177,-4,21,-172,2,1
10450,-69,-5,-6,-80,5,50,-73,-6,1
10725,-142,172,2,9,-2,26,8,-13,0
6030,214,660,126,-66,-62,10,-191,28,0
47875,169,411,0,108,19,29,107,17,1
8200,115,110,3,21,-3,11,18,20,0
5047,-204,-201,82,42,-36,-138,-41,-33,1
15725,1471,52,-13,-195,47,15,-183,211,1
3000,-333,-208,-65,-124,-15,-40,-59,-76,0
4676,-440,-369,4,78,-48,153,76,-91,0
2968,-234,-232,1,41,3,-14,40,-59,0
10250,-362,-75,-2,-62,-12,-9,-60,-49,1
3940,131,99,-3,-28,17,26,-24,18,1
40675,28148,7889,-300,86,102,2790,387,6563,0
1900,81,-12,2,7,22,-44,5,71,1
12675,771,902,0,76,30,167,76,209,1
1383,-144,-181,-2,77,-15,102,80,-45,0
55400,-283,90,-1,-5,-39,-50,-4,-18,1
3445,110,-3,8,-32,-3,-81,-42,19,1
11675,187,-113,1,-5,35,6,-5,15,1
6160,-787,-324,100,-28,-64,-231,-128,-77,1
2911,-47,-36,30,49,-7,-11,19,-13,0
3056,176,-106,4,-2,-38,13,-6,30,0
129500,-1564,2345,26,-252,-150,-47,-277,-187,0
5118,12,46,4,31,-1,13,27,10,0
2388,0,8,-5,-46,0,17,-41,0,0
2488,-1,-209,5,6,-50,-18,1,-1,0
6406,42,31,0,2,3,3,2,3,0
776,65,-11,3,157,12,-118,152,42,1
997,0,-3,0,19,-7,-115,19,-1,1
2788,98,-21,1,-10,2,43,-11,10,0
32300,-1316,-49,21,-310,-92,53,-331,-81,0
1930,25,90,-6,-50,-32,-88,-43,2,0
5765,150,265,-28,51,-2,112,79,33,1
154500,1077,10285,-163,954,133,687,1117,109,0
6920,35,223,9,-69,14,130,-77,5,0
3497,-2,4,-1,-10,-4,5,-9,-1,1
2350,68,57,1,15,29,490,15,31,0
4018,20,-264,26,21,20,63,-4,23,0
3315,122,-25,-19,-19,7,-35,0,26,1
6635,60,-30,-3,-19,23,33,-16,22,1
1069,111,44,0,-77,0,-31,-77,24,1
10445,-65,-173,7,26,-9,48,18,-13,0
17350,46,125,-13,-81,10,83,-69,8,1
3308,-2,-17,0,-53,1,7,-53,-1,1
3145,93,134,-2,-136,-2,-42,-134,10,1
1830,-99,-28,2,-63,-29,-95,-65,-25,1
4443,-264,31,36,58,-9,274,21,-168,0
6420,-36,-152,-2,-16,38,3,-15,-11,0
8130,58,200,10,-4,18,6,-14,11,1
9525,72,-440,-6,-261,-15,-351,-255,14,1
61950,2750,5438,0,-47,26,206,-45,291,1
4725,-56,-112,1,7,0,-24,7,-4,1
63100,59,420,-13,-37,-3,-98,-23,4,1
6580,61,77,220,20,15,18,-200,12,1
10880,4,41,8,31,7,-4,23,1,1
4907,52,61,-13,-346,-5,23,-333,27,1
17400,-31,21,12,4665,-195,176,4653,-21,1
1457,-37,-4,-4,-30,3,-40,-25,-24,1
4917,71,549,6,-6,-8,-3,-13,12,1
4528,-10,399,1,-515,12,-46,-516,8,0
2820,654,-81,7,-1174,2,-141,-1181,289,1
1757,-2,-29,5,143,-38,-79,138,-27,1
7100,-7,-34,-17,71,-33,-62,88,-1,0
3727,-74,-86,3,-38,11,19,-42,-41,1
1620,78,37,-3,-32,5,89,-29,32,1
4652,301,109,-7,-138,1,163,-129,63,1
788,5,-15,-2,-33,15,79,-32,3,1
2395,2,-92,0,-37,1,0,-37,0,1
641,86,3,19,-35,3,37,-55,63,1
12925,231,290,-65,-90,15,29,-26,29,1
13200,72,363,8,21,1,-30,12,7,1
3973,131,53,-2,56,-7,-4,58,18,0
13050,-863,-457,0,110,31,-54,110,-45,1
1397,6,-32,3,97,2,15,95,2,1
4341,318,225,6,31,-6,53,24,66,0
3153,-11,-32,7,-195,-5,54,-201,-27,0
2065,-20,40,-221,-27,13,-8,193,-5,0
6860,77,108,0,2,-2,0,1,6,0
85550,-1647,3874,-937,1414,-2574,-1058,2352,-3208,1
2786,1,11,0,-35,9,-56,-36,0,0
24100,152,412,-2,-184,49,-49,-182,12,0
5990,-15,66,-17,-67,-5,-70,-50,-5,1
503,9,-37,-1,9,-4,-1,11,8,1
3710,-154,-209,0,18,-30,4,19,-34,1
39650,-6,256,14,-118,32,321,-132,5,1
966,-2,4,-1,-5,-2,-33,-4,-2,0
13675,198,-364,1,62,5,44,61,23,1
21400,-33,51,0,-1,-12,-36,-1,-10,1
21125,-27,357,-3,-9,-4,10,-6,-3,0
9665,474,229,-5,-147,-11,-198,-142,80,1
33275,381,757,1,-16,31,101,-16,23,1
7060,9,-98,0,7,19,18,7,3,1
4962,663,-36,156,-223,153,-62,-380,147,1
17025,-274,1422,-45,22,1,-13,68,-36,1
3233,-208,-31,23,-201,21,-236,-225,-60,1
6475,-150,-32,0,-81,-33,-44,-80,-36,1
3153,-20,-40,-10,10,3,-2,21,-1,0
5105,34,231,1,238,15,-4,237,13,0
4665,277,221,-5,37,-5,-1,42,52,0
4520,-584,-229,-7,-57,-63,-69,-50,-61,1
6100,-55,2818,-567,-346,-21,-459,222,-7,0
4065,-288,-220,0,-115,-12,69,-115,-29,1
10825,-29,66,-5,346,-13,-34,350,-9,1
130650,370,896,-17,-886,489,495,-869,481,1
9800,-172,-38,-10,-62,-37,-76,-53,-42,1
2085,18,22,1,0,5,13,-1,6,1
12175,0,155,39,-220,5,-63,-259,-1,1
19200,-50,-44,-7,4,-21,-166,11,-17,1
8620,436,365,5,-229,1,90,-234,99,0
3813,-57,-155,2,29,-16,-17,27,-15,1
5388,2,-43,-2,-3,1,6,0,1,0
22250,-170,222,5,-95,-47,-143,-100,-60,1
9895,12,228,-1,6,0,35,8,2,1
23950,183,1001,-18,142,-15,-27,160,79,1
12650,-627,-269,0,-106,-35,-126,-106,-44,1
10700,188,630,3,50,6,14,47,21,1
5995,75,0,-8,-90,9,-11,-83,7,0
105900,704,1071,-85,37,52,194,123,92,1
4771,-25,-26,3,-87,-15,-1,-89,-3,0
90800,647,4300,972,696,175,54,-277,151,1
6155,14,61,5,-36,26,-4,-41,3,1
9780,17,-2,30,-36,3,9,-65,2,1
4523,48,-403,-41,18,18,-22,58,6,0
1238,-33,-8,-6,-69,-13,-79,-65,-10,0
8321,-41841,2120,-1,234,159,-181,235,-6218,0
4350,168,35,1,71,11,13,70,23,0
8235,-95,-71,22,-19,-23,-14,-41,-30,0
1510,19,-20,-1,30,-18,445,32,4,0
113500,1056,3183,19,159,-16,166,140,50,1
1408,-86,-21,0,16,-22,-146,16,-26,0
30975,1315,-540,8,23,55,87,15,70,1
5900,-84,-43,-1,-9,-3,-42,-6,-5,1
11900,-2019,-633,-19,194,9,45,212,-179,0
2170,188,59,2,11,20,43,8,22,0
5881,-495,-370,856,-2574,-829,-1213,-3430,-776,0
13300,1049,13,1,-53,29,63,-55,63,1
2802,-2,-41,-3,-35,-4,-35,-33,0,1
811,-623,-929,1,-11,-11,14,-11,-30,1
11550,143,247,31,122,33,81,91,35,1
3738,-83,206,-2,4,-14,25,6,-16,1
5375,-84,6,-1,-4,-2,-13,-2,-9,1
7325,77,352,-17,66,3,-19,83,15,1
3031,-35,26,-3,-397,-20,-155,-394,-14,0
2360,129,-43,7,-37,15,6,-44,23,1
3545,-74,-2,10,-127,7,94,-136,-31,0
5950,-970,-939,-2,-161,-67,100,-159,-164,0
3208,156,66,-1,-7,6,75,-6,20,0
8715,109,164,-8,11,1,0,20,25,0
7340,-52,268,1,-84,-3,-33,-85,-45,1
13925,-355,-104,2,830,14,65,828,-98,0
12075,304,487,-1,75,34,51,76,30,1
16950,-4732,137,0,-29,-2,6,-29,-924,1
9160,-67,135,-5,7,-13,-25,11,-8,1
91100,-33,137,0,18,16,24,18,-3,1
120550,21,1482,1,2,77,-129,2,3,1
3925,29,-141,-1,27,-9,0,28,3,0
17850,7,187,-12,256,-25,47,267,1,1
7930,10,41,12,29,0,33,17,2,1
1956,128,-200,-145,-115,37,52,30,19,0
10625,-617,-305,-6,-320,-5,35,-314,-82,1
66400,-2819,2889,333,-2150,-2537,-625,-2482,-2704,0
676,286,-83,-16,-6,-12,-20,9,62,1
64200,-320,532,1073,137,-177,-229,-935,-137,1
2288,-38,-45,3,-15,22,-24,-18,-11,1
15825,-856,-35,2,-281,-6,-91,-283,-91,1
22750,100,526,24,-336,9,-6,-360,17,1
76300,1790,1992,186,2385,256,1154,2199,393,0
4048,26,122,1,35,2,37,34,4,1
10950,-1351,-47,-20,218,-7,-342,238,-97,1
6001,126,116,-63,195,29,170,258,11,0
5530,-56,32,28,-12,-5,-14,-40,-9,1
4778,-275,-6,1,241,-8,-90,240,-64,0
12475,1013,933,15,-107,13,189,-123,80,0
6035,-164,-143,16,-41,-23,-29,-57,-23,1
8060,111,182,35,-168,66,-183,-203,39,1
8830,227,307,27,-84,30,55,-111,16,1
26150,-106,1050,4,64,-37,-67,60,-21,1
3075,18,139,2,-77,6,20,-78,4,1
12375,80,317,60,402,35,-6,343,38,0
895,133,-33,0,30,-8,40,30,40,0
8320,-227,-138,16,-23,8,-12,-39,-16,0
7710,-197,-129,-19,-43,-6,0,-26,-23,1
1333,1347,38,35,23,9,78,-12,219,0
5366,251,-231,15,-10,16,18,-26,15,0
20850,60,296,36,5,1,15,-32,7,0
4658,-8,250,-117,-79,6,3,37,1,0
70050,325,1132,14,4115,327,392,4101,213,1
9025,-72,49,-4,-57,-24,84,-53,10,0
11025,-171,1043,24,-74,-64,622,-97,243,1
959,206,-112,-9,9,4,-24,18,50,0
4102,-45,-69,-4,539,2,291,543,-31,1
1403,699,95,76,195,33,1265,118,426,1
17800,-159,394,-26,-49,-10,-42,-23,-23,0
9845,-46,403,19,73,22,63,54,-5,1
2311,-217,-43,2,-17,2,-36,-19,-45,0
5575,-72,-79,36,-31,-6,-31,-68,-9,1
19800,91,56,2,30,18,60,28,23,0
4933,8,119,-7,96,9,10,104,2,0
14975,52,-66,4,28,21,32,23,25,1
7075,-579,-330,-13,25,-45,-162,38,-93,0
12125,305,710,-46,222,104,429,267,71,0
71500,183,997,36,111,42,86,74,33,1
19750,234,168,1,-37,88,192,-36,53,1
36300,-1431,726,31,66,11,3,35,-49,0
9355,-83,263,116,8,-28,356,-108,-95,1
10875,-27,88,22,-78,-3,13,-100,-3,0
9315,-315,365,26,-374,-108,-494,-400,-80,0
1436,15,-6,-1,0,-18,38,0,12,0
11350,-12,-3,0,13,-15,28,13,0,1
4297,25,-88,19,-66,29,60,-85,5,1
4095,-31,-16,-1,13,1,-16,14,-7,1
4140,-636,-620,-1,-5,-1,-1,-3,-69,1
7615,30,71,-4,-10,1,5,-6,5,0
4562,169,221,1,31,11,17,30,16,1
1866,198,-30,4,24,-113,70,19,26,0
147000,-4054,3342,1076,191,-102,2116,-885,-1520,0
10825,152,241,0,-58,59,127,-59,32,1
58950,148,1021,16,-6,-4,109,-22,12,1
34075,672,146,-58,40,51,245,99,135,1
5645,-163,-77,5,-33,13,29,-38,-12,1
542100,628,3376,-12,-132,52,70,-119,35,0
18675,44,-238,4,-61,-33,-231,-65,2,1
5107,-58,-66,0,-703,-39,-308,-702,-36,1
2140,-73,-63,24,-56,1,-22,-80,-9,0
18425,363,112,38,-300,242,2064,-339,63,0
5660,-358,-20,0,-234,-50,-230,-235,-44,0
4002,-83,101,9,139,-91,-26,129,-23,1
6495,-798,-883,-5,7,-107,7,12,-92,0
16450,1300,384,-145,148,46,39,293,237,1
6335,-28,314,25,87,-16,64,63,-8,1
36850,-68,541,-606,-195,-110,-122,410,-17,0
52150,155,226,0,-191,19,16,-191,18,1
9765,363,-57,-6,-43,-4,-27,-37,36,1
16550,-171,-115,-13,12,12,23,25,-23,0
1838,110,58,-1,-92,4,8,-90,42,0
2823,-174,-205,5,-77,11,21,-83,-17,0
8710,1052,1169,16,237,52,398,222,215,1
18525,-39,310,-6,62,25,-22,68,-5,1
1286,-332,-542,1,-82,-20,-46,-84,-43,1
1563,12,53,-6,15,22,27,21,4,0
264500,-2051,1340,-648,-2674,-2152,-3640,-2027,-1461,1
22125,245,-12,172,-102,153,236,-274,77,1
21575,72,442,38,-763,-33,875,-802,11,0
2128,-30,31,0,-36,-3,47,-36,-14,1
2275,-226,-80,22,15,-38,-4,-8,-29,1
5475,291,95,-2,-43,36,-9,-40,29,1
2448,189,71,2,-35,-1,-7,-37,114,1
13850,-174,-331,29,-164,13,-13,-193,-24,1
5095,-41,-175,7,62,33,63,55,-3,1
2978,-56,-130,1,83,-12,-132,82,-6,0
4575,229,187,-13,60,14,46,74,25,1
6605,-26,26,-2,-18,-5,-5,-16,-4,0
9470,-165,-583,34,-246,-71,100,-280,-88,0
4991,-36,-68,10,-14,-4,17,-25,-5,0
31375,-76,-112,10,-23,-24,-64,-33,-21,1
9885,459,122,12,372,13,69,360,105,0
1553,14,12,-9,82,-4,29,90,12,0
69700,331,2213,-52,-305,-16,-31,-253,19,0
7945,-120,-74,1,-4,-13,-32,-5,-12,0
9340,-71,-78,1,15,-8,-6,14,-10,0
29175,-41,436,1,31,-8,-1,30,-4,1
11400,-682,39,3,-42,-61,-172,-44,-60,1
26075,130,838,71,415,67,159,344,34,1
6300,156,378,-2,39,7,-1,41,29,1
350,-40,-16,0,-185,-1,42,-185,-43,1
13025,150,125,-3,-30,10,0,-27,8,1
11275,-100,38,6,24,5,62,17,-97,0
4030,9,197,1,214,-11,-45,213,1,1
11075,201,335,12,227,47,94,215,37,0
1385,-74,249,-50,-56,-40,52,-6,-31,0
14325,-97,82,-18,-18,2,-28,1,-12,0
8660,-359,-193,0,-22,-9,-17,-23,-25,0
6600,40,7,0,-116,13,25,-117,13,0
5440,165,329,2,111,26,89,109,25,0
6610,-290,-85,-2,69,-2,-1,70,-31,0
4130,237,101,77,-10,17,-111,-87,39,1
4078,-9,-100,10,20,-6,-8,11,-3,0
28425,162,47,0,-84,29,61,-84,33,0
25275,103,53,5,-14,45,37,-18,14,0
5248,462,75,17,-212,48,137,-227,135,0
7495,-32,76,-63,-421,-18,-137,-359,-18,1
31425,283,1057,-2,266,150,422,267,57,1
11600,120,117,20,47,33,89,27,27,1
7055,-9,173,0,74,-9,-16,73,-3,1
8235,-46,-227,35,-219,-47,-700,-255,-5,0
15400,3660,-237,22,56,104,87,34,266,1
29075,-181,-50,-24,31,8,8,55,-47,1
6605,11,-62,-1,-32,10,-8,-31,1,0
2341,54,114,16,-13,28,119,-30,36,0
8520,93,-338,24,-242,-60,-106,-265,39,0
192000,-6068,3506,2038,6542,-5831,-8260,4503,-5678,1
4098,119,-323,44,-988,-86,-70,-1033,123,0
18475,-74,-768,10,-21,114,330,-31,-7,1
1328,-61,-19,-13,-244,-32,8,-232,-67,0
350250,-4199,4652,96,409,-281,424,313,-479,1
5121,162,5,1,-6,20,28,-8,14,0
63850,-856,-382,1,-78,-6,-29,-79,-115,1
3363,180,163,2,14,17,46,12,15,0
22500,205,321,145,27,3,13,-118,27,1
1638,39,-67,13,-11,15,-12,-23,14,1
37150,105,83,-2,143,3,22,144,6,1
3848,167,48,-1,160,-8,-23,161,40,1
1143,-25,12,0,-296,3,-352,-297,-15,0
42175,405,720,-10,-21,-1,-4,-11,41,0
5340,-8,77,-9,220,-47,-57,229,8,1
11625,130,192,0,-211,4,-55,-211,17,1
3150,3,84,17,108,27,26,92,5,0
3518,31,-28,0,-19,14,22,-18,14,1
2737,-55,20,31,49,-24,-34,18,-15,1
2832,70,29,4,162,53,81,158,123,1
5472,24,143,10,49,10,28,39,4,1
7385,-470,-324,-42,-160,-92,-102,-118,-114,0
3868,-73,0,32,131,-22,-133,99,-17,0
2694,-2,-3,-1,-39,-9,-41,-39,-1,0
15875,159,259,67,44,56,272,-22,46,1
7240,178,-94,0,-6,-6,14,-7,14,1
4781,646,642,-1,27,-14,8,28,60,0
7660,12,25,-6,-54,11,20,-48,3,1
5765,221,23,3,-27,29,63,-31,25,0
5945,-80,71,-6,13,-71,-77,18,-27,0
1280,9,35,5,-18,-6,19,-23,11,0
24200,156,210,-7,-106,-63,50,-99,43,1
53050,-148,2100,-63,2364,-219,-82,2428,-43,0
4960,230,134,42,-480,112,348,-522,85,0
1857,8,27,48,-24,-4,-18,-72,2,1
9700,-6,-108,0,-13,3,6,-13,0,0
4038,-270,-424,6,-14,-28,-123,-20,-28,0
12475,-34,163,3,-22,0,2,-25,-4,0
76850,836,734,149,-16,33,12,-164,51,0
5711,-79,-394,-7,-7,-7,39,0,-5,0
24950,-152,152,-11,-714,90,145,-704,-61,1
6361,-169,-183,-2,-21,-33,12,-18,-30,0
599,51,-2,-15,36,23,32,51,35,0
2637,29,17,1,148,8,54,147,6,1
1835,1305,-222,3,28,65,-2,25,260,1
52400,195,44099,9,26,46,11,15,-26,1
27025,337,549,-4,-201,223,1238,-197,124,0
45700,-651,-550,2,-116,-123,12,-117,-106,1
12200,-31,299,-3,10,2,-101,14,-3,1
93600,1967,4058,30,-1809,116,777,-1839,197,1
9015,-175,4,3,91,-81,-189,88,-63,1
3502,159,-18,-167,20,33,11,187,52,1
2375,1476,20,-7,30,12,87,36,73,1
8425,-89,1999,-52,-212,-25,-197,-159,-26,0
11490,-286,-48,-14,7,-12,8,19,-29,0
3372,198,-44,0,-9,22,-1,-9,20,1
7990,135,95,-4,7,7,25,11,10,0
3518,662,2031,97,14,11,51,-83,129,0
32775,443,1953,76,626,284,1242,549,199,1
5550,90,48,0,-22,14,-11,-21,17,0
12125,-339,-652,1,-56,-16,-61,-57,-32,0
33100,-15,-677,1,-58,-52,-116,-59,24,1
3078,-175,-91,3,-134,8,-16,-137,-50,0
25625,-39,1171,59,-271,74,157,-329,-6,0
2198,-6,-58,-7,-86,5,-24,-78,-3,0
2783,-186,-39,10,2,-7,-20,-8,-29,0
9850,-366,-458,-11,116,-13,-486,127,-75,0
27775,65,343,-1,5,6,3,7,2,1
17750,80,451,27,-30,32,50,-57,44,1
27925,48,2,-2,24,2,-3,25,10,1
3411,52,14,-1,41,11,17,41,8,0
4505,298,-14,-4,14,20,-1,19,74,0
5870,-140,-64,77,19,1,3,-58,-7,0
5341,-165,-138,0,-39,-15,-28,-38,-14,0
24325,-411,-64,-13,5,-10,-3,17,-51,1
1938,-60,168,0,-2,-4,42,-2,-13,1
34250,-8,250,1,-5,-3,-35,-7,-1,1
4512,-261,-9,2,236,2,-93,234,-34,1
11700,-151,152,3,48,-16,-132,45,-20,1
73800,1118,3398,448,1411,83,-264,962,352,1
5122,383,-280,6,-125,-85,101,-131,176,1
16000,-225,-123,2,51,-10,-44,49,-24,1
9515,1106,-445,-1,27,15,18,27,152,1
5800,-352,-230,-4,-68,-13,7,-63,-35,0
3655,16,28,-31,-18,-3,-4,12,5,0
9670,599,-80,-19,-110,-27,75,-91,164,1
3690,-510,-231,-35,-416,-166,-455,-381,-168,1
26175,313,362,-31,642,113,366,673,72,1
10325,-66,129,8,-1794,-30,64,-1802,-25,0
14900,-512,-42,113,-25,4,96,-138,-114,0
6281,242,183,-262,-424,33,147,-162,52,0
32075,305,1193,0,-217,105,211,-217,35,0
2178,2023,-198,5,-7,139,11,-11,195,0
10430,-2,-258,-7,-18,5,-22,-11,0,1
3910,-88,-198,45,45,-20,44,0,-26,1
19275,185,556,0,-34,7,-31,-34,18,1
4355,35,92,0,3,5,0,3,4,0
12325,-379,52,-6,-107,-74,-122,-101,-61,1
5253,342,499,20,16,11,-43,-4,49,0
3468,256,-136,17,-47,15,29,-64,30,0
2257,-299,-415,-135,10,-4,23,145,-112,1
3505,119,82,-4,-231,-14,-359,-227,11,0
3810,0,109,19,110,17,26,90,1,1
4812,-85,-12,-3,-51,1,-10,-49,-17,1
13825,-90,-116,8,-111,-7,-116,-119,-12,0
5275,-262,-5,-43,-89,-1,-14,-45,-37,0
4093,80,-31,-51,63,4,-66,114,7,0
4140,422,-36,-1,-13,4,-11,-12,26,1
927,-46,-84,79,28,-6,-10,-51,-14,1
3055,173,186,0,3,-20,62,3,43,1
3143,-101,-342,-9,-131,-28,-66,-122,-52,1
427500,-567,1530,-203,559,-99,-108,761,-125,1
3073,22,97,0,-28,-17,0,-28,13,1
3308,-15,-49,9,14,5,-11,5,-1,1
5950,6,-22,0,-11,4,2,-11,1,1
4227,-5,165,-1,-99,-6,98,-99,-2,1
3413,88,103,2,-24,4,3,-26,8,0
77300,9597,10594,-44,-151,2,312,-107,3713,1
1390,-41,-16,0,-23,-24,-72,-25,-14,1
2233,15906,-939,-1,-8,-4,67,-7,259,0
2290,-8,-16,-1,-17,17,24,-17,-3,1
5190,-19,-24,1,-22,-2,-37,-23,-3,0
16750,600,332,-15,7,92,98,22,73,0
2187,-16,73,1,1,-12,-16,0,-8,1
8740,-109,45,2,37,-6,-87,34,-16,1
2668,165,42,1,16,32,24,14,28,0
6115,-1288,-706,-41,144,-193,499,185,-106,0
3061,16,21,-27,-87,5,9,-59,3,0
13476,-214,-194,-10,6,-4,-80,16,-52,0
4055,227,303,-20,418,183,723,438,141,0
18000,11,878,-32,15,143,351,47,15,0
12625,-578,41,-11,-16,-12,-14,-6,-31,1
18875,-45,-47,-14,-59,-30,-24,-45,-30,0
5276,-228,-96,-24,-178,6,144,-153,-44,0
7800,83,179,1,10,-4,24,9,8,0
10950,152,201,-2,-26,-10,-37,-24,10,1
15350,-410,104,15,-38,-146,8,-52,-138,1
10595,108,83,18,5,-45,26,-12,20,1
6875,93,151,220,410,22,38,189,35,1
13300,272,-34,5,155,29,-52,149,36,1
1608,116,108,21,-5,0,-2,-26,21,1
213750,-3783,2836,-271,-1679,-1047,-920,-1407,-1059,1
3883,143,-54,0,2,4,-1,2,10,0
28175,-436,-451,-2,-38,-26,-27,-36,-36,1
3830,6,82,2,2,-13,-55,0,-4,1
25550,-1156,-490,-1,36,-66,-98,37,-75,1
19575,-511,-80,-1,-130,-13,-28,-129,-62,1
1137,-4,91,0,-26,1,-57,-26,-1,1
7090,-359,-179,0,-248,-14,52,-247,-35,0
10925,217,94,-6,6,36,6,11,23,1
8440,551,-223,2,-7,-17,171,-9,85,0
19825,-129,121,1,-33,-20,-10,-34,-15,1
6725,-738,70,0,49,-30,31,49,-90,0
546000,1454,6160,-21,52,56,65,72,51,0
95100,404,1575,-51,444,133,437,494,96,0
6065,-55,-104,2,-9,19,-131,-10,-11,1
5220,-64,-40,84,-10,10,10,-95,-9,1
4092,145,-99,0,11,10,7,11,12,1
13475,-1098,8,2,54,-269,32,52,-1194,0
1113,-10,-129,9,64,18,5,55,-5,0
5810,230,-10,-3,-161,7,-64,-159,25,0
27050,536,930,12,-303,43,102,-315,49,1
5490,6,36,51,-64,-1,2,-115,1,1
3058,542,-87,-21,-25,-3,-20,-4,119,0
6250,881,-167,-1,-23,37,-3,-22,56,1
4895,198,-267,0,-31,-27,27,-31,24,1
1363,19,-53,-4,-19,-71,-9,-14,26,0
6780,119,27,3,568,52,49,564,46,1
20550,35,853,-2,34,8,5,37,3,0
14375,14,428,-4,246,7,-62,250,5,1
58750,-315,-679,-998,-3406,-70,286,-2408,-422,0
6970,131,-148,-1,-38,34,-3,-37,18,0
68900,-103,233,-50,262,-36,57,312,-26,1
9565,-594,-485,-55,34,-110,45,88,-77,0
7980,15,-81,18,-44,11,3,-62,-1,1
28550,196,-138,0,24,30,-1,24,38,0
4350,-70,225,9,-38,-30,15,-47,-11,0
6160,-22,-194,1,-23,-28,-67,-24,-3,0
80350,1895,558,9,-126,-11,-4,-135,160,1
10880,-157,-172,-9,-1,-2,-15,9,-13,1
4155,119,-24,1,-17,10,-5,-19,13,1
6950,162,-186,2,-118,32,-87,-120,46,1
4995,-81,66,19,45,-13,-22,27,-9,1
5038,168,24,4,29,24,-9,24,17,0
21375,-4105,-1113,0,-89,-241,-415,-90,-2450,0
1925,31,-2,0,-36,9,4,-36,8,1
32825,-126,-82,0,-26,-17,-25,-26,-29,0
85200,4854,5449,-10,-185,251,417,-174,162,1
2300,-43,-4,-5,-65,-25,-137,-60,-16,1
12275,-29,114,-1,11,1,-6,12,-7,0
5936,338,296,-151,-143,45,98,7,30,0
19750,4,31,-6,3,4,8,8,1,1
1376,147,42,-4,82,19,69,86,24,0
10505,69,-84,-4,-25,12,7,-21,5,0
28550,-1148,-2722,23,-144,-20,-125,-167,-39,0
6820,1544,598,-14,-60,99,101,-46,132,0
77300,289,77,-12,7,-3,-1,19,11,1
55900,-634,-248,1,73,5,-8,71,-101,0
1573,-19,-17,-1,-41,-18,-91,-41,-12,0
126500,-918,1431,8,-49,-119,-234,-59,-87,1
42100,-2240,-669,-8,-49,-80,-182,-41,-139,1
116250,709,1312,-276,-8,49,132,267,70,1
3096,32,-18,-1,13,1,3,14,14,0
14450,524,500,-20,-175,21,143,-156,70,0
12025,-35,-320,-6,-151,-7,-39,-144,-4,1
10500,1341,5,0,1,16,-13,1,167,1
1841,-24,34,-4,-4,10,30,-1,-4,0
956,-24,-65,6,-118,-4,10,-124,-18,1
29550,210,32,28,34,29,23,6,27,1
2675,-24,71,-2,-9,-6,-17,-6,-13,0
13225,-442,-50,-19,58,6,81,77,-27,0
5193,-174,-163,-16,-89,-2,-21,-74,-12,0
1215,-78,268,0,83,0,-3,82,-29,0
30075,123,167,7,111,19,46,103,38,1
4200,41,-33,39,68,15,20,28,30,1
34125,55,-904,-18,12,-7,-13,30,4,1
9970,25,-37,-1,-29,-6,11,-29,2,0
10260,-1175,-24,-222,348,-263,-755,570,-325,1
4112,10,0,-1,1,-1,0,2,5,1
3553,48,-2,-21,-22,19,25,-1,10,1
4448,-200,-74,2,-15,-58,-90,-17,-69,0
2898,82,-40,-1,1,-3,-18,2,28,0
14875,-15,222,3,5,-10,0,2,-5,1
2558,-13,26,-1,-7,-4,-4,-6,-3,1
2866,-80,-42,-1,4,2,-53,7,-22,0
22525,225,873,18,162,24,115,143,25,0
28175,2061,2697,0,-303,-51,71,-303,450,1
16950,-553,1581,98,-377,80,463,-476,-110,0
23050,162,491,-1,-17,3,27,-16,24,1
68650,603,1329,-12,994,44,-214,1006,107,1
5310,90,171,-4,-22,-23,-85,-18,9,0
73350,-721,-1585,-4,-154,-53,-57,-150,-78,1
14600,2,76,17,40,-15,-128,23,1,1
23700,-173,-42,-25,-15,-1,-25,11,-12,0
43075,403,6,-2,9,36,13,11,37,1
46575,695,26,-1,110,87,60,111,40,0
38050,4426,2122,-46,61,125,178,107,101,1
39325,-349,110,9,-63,-12,-8,-72,-31,0
20500,-274,-212,-2,36,3,-6,37,-14,0
9040,30,-538,-3,-24,2,-7,-21,1,0
15100,-339,-328,-11,5,-6,-2,17,-13,1
18300,-214,-37,-67,-148,-2,13,-80,-42,1
12425,-302,-357,-88,332,-111,-140,419,-67,0
1120,-6,32,-8,259,-16,-80,267,-7,0
29325,-650,3969,49,-320,-148,-114,-369,-97,1
14050,245,909,1,-23,2,-18,-26,23,1
26850,-576,52,0,-73,-8,-27,-72,-41,0
1587,143,69,-6,51,12,157,57,70,1
4325,8,-15,-4,-27,9,-6,-23,3,1
