price_9,epst1,bpst1,capaxt1,cfot1,ebitt1,salest1,fcft1,nit1,price_12
588,-37,482,0,92,-13,96,91,-42,349
14075,225,24823,63,-112,119,920,-175,62,14050
95200,1178,174160,254,-685,180,5666,-939,145,112250
25425,-298,17230,151,-299,-274,4134,-450,-212,23950
217250,2374,132775,69,393,355,3512,325,295,218750
159750,165,133766,668,885,511,15949,217,44,147250
11100,-588,23315,154,-340,-243,4113,-494,-232,9990
132250,319,113069,761,-987,2658,40863,-1748,513,122750
2795,16,7357,24,-52,9,492,-77,11,2595
81850,3601,122190,540,3037,1140,25114,2497,1493,83350
20075,45,16803,8,-22,3,101,-30,3,25400
21525,466,30320,31,228,507,1956,197,445,18450
12950,163,5966,4,79,71,391,75,59,14275
32875,1888,66008,1824,2501,3828,128439,677,7654,33175
808,-43,956,14,-169,8,1140,-183,-13,747
16925,-40,32584,68,-63,8,1726,-131,7,17425
3797,82,7102,82,227,150,2596,146,67,3810
88450,659,166189,45,102,103,1759,57,45,87700
7235,500,10518,33,-238,144,1777,-270,119,8785
23350,641,67131,9,-55,31,2074,-63,27,22250
7605,110,10324,7,-15,14,220,-21,6,8490
79900,1268,185845,12,40,46,326,28,36,79400
116000,-185,142818,105,352,54,1514,247,-11,126000
77200,2607,35641,20185,28200,24676,62895,8016,18987,77100
1156500,28695,1595449,635,248,53,7062,-386,376,1110500
3058,26,8229,14,-30,24,1062,-44,21,2945
7260,-85,8158,19,-182,8,814,-201,-24,6300
38575,140,55501,101,2251,2286,41297,2150,439,35700
56350,692,122666,17,5,28,482,-11,15,57300
37400,962,71889,54,70,59,777,16,69,36975
969,8,1049,115,61,12,261,-54,8,1018
4071,-47,9163,6,2,-6,198,-4,-7,3958
21775,-47,141786,1,-79,-10,468,-80,-3,20300
15075,631,8468,274,517,517,1905,244,281,12350
1320,-330,4048,61,442,-84,1317,382,-89,1443
42650,41,12644,13,81,79,1233,68,9,44900
87700,-106,33999,5,39,-18,501,34,-6,75550
28650,1180,31386,184,733,814,30578,549,537,27550
178000,14684,415260,27,148,85,1964,120,248,168000
10310,-275,11998,0,-30,-1,186,-31,-4,9880
8320,-199,16214,11,41,41,1013,30,-10,7400
11400,425,23382,194,501,576,15136,307,420,11375
6725,-63,4124,4,-62,-9,229,-66,-6,6265
3675,-60,2010,15,-1,-15,126,-15,-24,4290
4923,52,2822,1,-1,2,354,-1,22,4195
20025,375,19408,59,313,142,2976,254,145,21400
1298,0,374,40,492,58,3439,452,-5,1105
326750,3218,473548,61,5,54,460,-55,27,315500
9560,320,22288,0,-15,-12,929,-15,2,7520
1958,8,4055,186,0,18,1123,-186,18,2028
10950,104,11424,3,-17,27,475,-20,12,12500
5555,130,9380,8,6,17,204,-2,13,5930
2248,85,916,5,-16,28,409,-21,34,2443
1741,-214,4997,83,-66,-47,1544,-149,-77,1168
68550,3456,78762,54,70,91,1050,16,213,72150
22750,675,23462,269,331,289,7142,62,235,27125
7055,44,9599,327,-2738,297,50578,-3065,109,6525
3685,94,2657,243,34,72,1200,-209,70,3445
25750,661,49558,34,-101,44,3139,-135,64,25475
92300,416,-22259,364,-422,-44,86,-786,246,112250
3046,-111,8266,13,88,20,539,75,-25,2878
26150,324,5371,16,6,43,468,-10,34,39775
75550,614,49553,43,143,186,2691,100,173,73500
31125,543,52987,58,28,41,802,-30,61,35425
66800,810,43617,164,-257,284,9282,-422,123,62650
110250,1317,342173,265,110,-18,2546,-155,44,120750
7965,29,20317,-12,-4,-2,589,8,2,7605
5900,855,10381,34,-256,237,958,-290,188,6075
3306,80,3509,16,-21,8,413,-37,19,2863
44700,2354,84691,2,86,83,429,84,71,41900
17675,-455,55080,6,30,-19,591,25,-18,15925
24750,2437,86309,4,-11,23,375,-15,48,27350
6855,92,7105,2,-4,10,148,-7,17,5255
35925,766,68518,195,128,189,3813,-67,169,34475
27225,954,103492,75,95,29,1654,20,53,23325
18900,331,51446,185,-52,-24,1601,-237,30,18625
29025,-925,63379,158,-269,-63,4330,-427,-110,26800
13150,284,11792,562,151,488,4815,-411,296,11925
1453,18,887,22,-1,36,499,-23,19,1423
375500,3223,607781,967,705,712,8430,-262,341,358000
24225,-239,22110,44,8,13,1051,-36,-33,28725
11125,4,1795,1,18,8,233,17,1,6840
1818,-16,2586,9,-38,61,773,-47,-13,2508
55575,77,19546,78,-92,-26,-4240,-170,27,65750
1975,-47,2430,6,95,11,325,89,-10,1900
2283,52,4849,2,-32,13,982,-34,11,1930
3920,41,3946,7,5,12,294,-2,7,4895
2035,52,319,2,-58,78,1091,-60,51,1925
264250,1191,34729,1951,3601,3785,18554,1650,2662,317500
17975,478,17537,2,-62,25,643,-64,79,17800
8445,43,22477,133,-66,6,1479,-199,6,7850
211000,1958,216166,81,14,30,985,-67,19,229750
939,7,1523,1,-19,0,355,-19,2,848
1153,-32,1038,143,-384,-143,2118,-527,-147,1093
1800,30,2039,11,-35,56,1018,-47,20,1710
3723,177,10244,18,38,48,650,20,50,3673
21775,128,4683,8,49,29,339,40,57,24450
3803,67,8981,2,-197,4,472,-199,9,3448
99250,2749,213336,133,-203,229,4928,-336,169,97950
4112,-25,984,6,2,0,116,-4,-23,4275
9775,53,20530,100,-379,133,7598,-478,11,10265
14825,220,11397,255,274,150,2628,19,132,17800
18625,1097,46877,218,40,54,334,-178,73,19075
5128,-32,3817,14,-73,-8,227,-87,-10,5035
18750,173,8514,16,42,48,629,26,32,20625
53900,1290,24422,88,180,131,1168,92,100,86300
1169500,37561,3090036,138,505,586,7121,368,536,1245000
1305,-217,1135,104,-49,-62,1962,-152,-303,845
123750,631,213220,181,356,18,3183,175,56,147250
2385,9,1354,10,-24,6,208,-34,3,2300
12775,603,17638,276,251,518,4452,-25,550,17900
5016,-656,14851,0,413,-224,760,413,-197,4068
31600,6802,28322,4842,8467,1915,28660,3625,5592,32550
81350,4252,81616,738,2789,6063,26428,2051,7535,88600
1925,10,1573,4,130,19,239,126,14,2535
8335,-14,21533,10,60,37,1165,50,-4,7940
5321,-101,5899,303,-132,-155,7887,-435,-139,5213
30425,388,9568,40,192,305,2859,152,230,35950
1218,-84,2247,7,-19,-20,279,-26,-28,1153
2990,61,2637,10,-12,6,103,-22,8,3000
175600,2870,193778,128,65,73,520,-63,64,193150
40150,59,4616,57,18,49,999,-39,26,44425
24600,1105,31550,50,184,103,2334,134,89,25400
41375,755,44107,70,471,221,2866,401,195,62000
54400,2504,122998,3043,-716,3497,45741,-3759,3411,59600
978,3,990,9,103,10,732,94,6,961
10425,52,8863,4,15,7,289,11,5,10800
110000,3265,217363,7,18,25,962,12,22,99000
2210,-23,2690,16,2,29,1193,-14,-9,1800
19550,202,20783,34,86,94,1081,52,46,25350
1783,-188,2816,6,-38,34,1312,-44,-69,1540
6055,186,12600,91,104,117,1815,13,90,4545
187250,2533,328704,2037,710,776,9166,-1327,338,287500
6170,198,5942,109,-20,64,966,-128,83,5440
2208,17,3482,0,31,21,235,31,6,2170
14175,309,32756,33,32,53,1663,0,72,12450
340250,4885,306178,121,333,325,5554,212,298,357000
18875,348,14936,96,-53,130,1750,-148,83,26400
36375,925,60813,89,127,149,2713,39,130,35825
4251,157,5698,39,202,52,1816,162,59,4213
12400,728,23487,12,-167,149,1953,-179,111,11425
40450,407,27422,0,35,19,134,35,12,36175
17675,-682,13264,210,-18,-4,502,-227,-81,17500
103150,10792,357012,248,1723,616,11748,1475,462,117250
37600,813,57082,10,89,69,472,79,54,40175
17275,147,9485,45,-135,61,2075,-180,36,17225
6810,71,4192,5,-13,9,192,-18,7,11210
150250,4495,106322,1487,1562,2323,28712,75,1611,136250
3833,37,4231,16,0,16,289,-16,6,3805
8190,152,17193,152,17,102,1401,-136,42,7915
3370,170,931,25,343,150,1433,318,139,3603
65200,2707,147941,4,49,65,923,45,66,66050
10725,204,17287,10,-17,26,463,-27,26,10525
745,-3,777,1,-9,0,59,-10,-1,689
16725,1749,27393,2,844,204,4463,842,178,20400
14800,-644,27764,0,78,4,790,78,-103,15975
6060,81,12817,84,62,22,1450,-21,20,5625
15275,186,54316,10,-287,55,1361,-297,13,15800
48450,1967,62640,149,-1,-11,657,-150,87,43850
1520,12,1151,8,90,2,233,82,4,1735
4083,124,6928,31,-30,171,2060,-61,88,4078
59150,412,58514,42,-175,37,1748,-217,41,64100
16075,148,18588,10,-35,38,548,-45,11,16800
36400,110,16811,306,474,185,3160,168,95,37700
19200,212,3990,96,85,160,1952,-11,103,21075
1449500,6125,1709756,809,235,267,5465,-574,83,1271500
3713,-18,4305,6,-71,23,411,-77,-2,3203
3133,120,3932,6,58,38,375,53,23,2968
15525,106,5683,0,-155,48,852,-155,25,21525
48125,576,92253,25,7,36,1121,-17,18,54800
15975,367,17507,39,333,289,6137,294,390,15000
326750,9760,529695,5433,8303,13650,150772,2870,9769,335500
137250,1182,32103,160,92,136,5052,-68,102,151500
4668,33,5268,14,43,9,257,29,3,4993
13750,88,23066,3,24,21,535,21,18,13000
7520,642,11051,92,221,15,2390,129,129,8330
17750,11879,19299,63,-12,123,2571,-75,1654,14775
6850,128,9261,11,31,31,506,20,21,6860
161750,1339,331894,0,-62,7,456,-63,12,151750
56650,2984,98870,54,-69,236,758,-123,235,52200
18400,875,26620,265,564,219,3814,300,299,23150
2018,-87,1637,8,22,21,759,14,-31,2005
35550,952,23847,1289,556,320,3101,-733,295,23750
2491500,929,26375,89017,105973,98984,505475,16956,76844,2507500
16750,159,19216,24,-171,62,4051,-195,26,15425
12700,161,12915,15,-56,11,1278,-71,34,10570
67900,1280,31848,134,278,234,4050,144,144,67500
277250,8526,233061,220,826,349,5546,606,287,328750
9320,148,4183,232,121,147,2694,-111,98,10380
81200,2981,89548,509,2059,1274,26395,1550,1108,69900
192750,393,86223,68,417,137,2754,349,70,217000
1211,17,1147,11,-166,22,1324,-178,15,1098
27900,-959,46206,28,-1210,590,27009,-1238,-674,27675
206750,1149,157802,3410,512,-673,13048,-2899,817,206000
1405,3,402,1,-3,1,117,-4,3,1978
5280,-113,7432,9,27,12,445,18,-17,5365
1925,-2,3923,22,-14,-3,547,-36,-2,1640
260750,11803,216504,394,941,1078,4346,547,769,255000
12300,504,25015,9,-22,27,233,-32,41,11425
66900,1779,48941,863,287,667,8207,-576,434,67350
4680,139,8201,3,6,5,122,4,16,4725
2900,-29,2025,18,31,-11,123,12,-13,2660
5557,-41,1683,8,-21,-5,245,-28,-4,6130
2920,-37,6350,31,1,-23,621,-30,-12,3040
35900,297,25015,809,950,261,18458,141,235,40675
620,-10,633,0,-2,-8,15,-2,-8,580
69900,1816,69516,22,-134,121,1750,-156,117,68450
3245,30,3841,37,-100,63,971,-137,27,3770
740500,9419,305360,20,604,300,5318,584,328,799500
3548,-21,4556,23,18,-11,304,-5,-2,3465
35525,1142,61708,52,94,58,674,42,48,35075
34500,84,10697,16,27,59,599,11,34,36250
6950,814,11586,4,-244,137,670,-248,111,7035
3077,3,4618,54,104,2,260,51,0,3150
4993,-35,4754,39,10,3,1438,-29,-18,4248
52650,960,74156,36,47,60,2435,11,57,65150
39000,776,15144,31,223,147,1125,192,120,43850
2642,21,982,0,64,4,465,64,21,3210
13650,392,25268,0,-22,23,318,-23,14,12050
17850,-13,12539,81,-44,45,1485,-125,11,14950
15275,-135,2733,7,-47,-44,62,-54,-22,15175
7655,266,24385,576,-93,355,7999,-670,144,7645
3585,143,2769,17,-133,8,1843,-150,63,3818
1638,38,871,12,222,30,912,211,24,1453
8160,310,16392,33,73,34,639,40,31,9300
4005,65,6264,43,14,-5,178,-28,8,4040
34375,487,22093,99,79,100,900,-20,61,32475
26775,-649,46426,2,-4,-4,143,-6,-8,25100
1855,67,2764,10,181,42,891,171,39,1740
2575,-24,907,6,127,4,363,120,-19,2235
56700,68,17156,91,665,100,10211,574,27,84500
731,-186,1826,13,15,-8,48,1,-13,416
90650,105,10420,0,-309,38,1578,-309,65,110250
1320,-15,926,1,-3,-2,422,-4,-13,987
2718,10,5874,25,16,24,950,-9,2,2558
20500,-493,41800,0,-11,-2,55,-11,-8,20775
104650,28,55156,4337,-21,255,15705,-4358,44,99600
4590,51,9064,4,40,49,581,36,15,4100
2328,86,2733,9,27,16,966,17,14,2125
2513,207,9390,20,332,93,2382,312,121,2513
158500,1306,27098,73,117,390,5131,44,307,178250
1813,-40,3151,32,60,11,1531,28,-28,1948
8345,120,9287,48,46,97,2643,-1,64,8765
2750,65,949,2,137,90,755,135,41,2773
2022,17,756,1,21,10,147,20,8,2555
8825,467,12289,133,-1215,377,5795,-1348,339,8835
12275,-8,2039,3,22,-9,191,20,-4,18800
5720,121,7087,20,-55,29,931,-75,45,5210
33675,461,18833,39,15,119,1388,-24,61,50350
10535,423,3411,1,21,25,516,20,33,14700
2558,-125,1845,0,7,22,619,7,-52,2278
141750,4668,126808,1810,3072,1635,48078,1261,4623,124950
4325,158,8569,11,53,44,1452,41,98,4575
16500,-1275,8236,39,25,-28,1014,-14,-39,12080
10025,76,17337,4,66,25,555,62,25,9295
1321,9,645,0,-35,6,150,-35,4,1128
44175,1484,70885,2,53,32,368,52,37,42850
10400,101,3458,8,-9,24,323,-17,18,10145
35150,1936,33253,1069,3661,1966,21913,2592,3242,30250
51300,1255,71271,243,-1106,444,5152,-1349,356,56150
105100,1426,133200,275,4930,694,11384,4655,356,127750
11125,-10,7506,93,49,0,2731,-44,-10,9980
56350,640,35940,117,730,359,5594,613,193,62500
502750,8851,311065,1121,2158,2363,15738,1037,1692,478500
10555,131,14850,458,584,274,24370,126,587,9800
3995,61,1306,6,33,32,325,27,30,5635
7370,70,4035,3,15,13,171,12,9,7235
1503,-37,705,1,108,-7,930,107,-15,1375
4942,-89,5980,0,-103,-8,278,-103,-10,5210
2265,-84,2108,10,8,8,163,-1,-13,3868
96750,1615,113534,48,-6670,512,9856,-6718,359,88250
4786,-115,10890,340,188,20,2995,-152,-40,4478
3470,43,9860,85,-77,-33,1405,-162,-5,3440
32850,1202,29398,102,687,769,4285,584,372,35250
3561,5,1480,5,-7,1,342,-11,2,3348
122000,3378,52583,3465,-1936,3335,52002,-5400,3939,120750
7035,-285,1835,2,-3,-43,67,-4,-50,6280
19300,92,8926,6,111,55,419,105,19,22725
163500,1545,75446,2089,1985,668,16447,-103,366,149000
1258,-5,1348,2,18,17,377,17,-2,1333
1735,25,1055,9,51,17,1104,42,14,1980
393750,18679,285857,4726,7541,8148,39960,2815,6414,363000
8695,-3611,3661,460,-918,-1312,13025,-1379,-7346,5125
65250,74,120217,644,-2689,431,18718,-3334,20,64150
2245,-172,1372,6,1,-2,103,-5,-8,3733
2435,15,4422,20,128,2,1299,108,5,2595
693,-47,1222,40,-10,-15,514,-50,-27,637
3982,23,4610,22,29,15,618,7,4,6120
37300,844,45369,15,-34,15,273,-49,13,31000
3005,-26,1584,0,-46,-6,85,-46,-7,2915
12625,599,12065,3,-222,76,1671,-225,63,11450
4766,-18,1275,6,-43,1,238,-49,-8,4398
3893,42,2403,1,-17,21,116,-17,13,3963
21625,502,31979,1,237,85,10500,236,67,20075
76400,2062,60570,269,-1770,657,14082,-2038,704,92950
39600,588,38398,238,-549,378,5870,-787,254,43525
1980,-107,883,108,-794,-43,2446,-902,-186,1975
796,4,964,2,47,15,406,45,7,694
1295,-5,3373,16,17,8,451,1,-5,1280
4821,56,5160,61,143,30,849,83,21,4593
53350,2634,80189,126,761,-8,261,635,89,36575
227250,7819,300473,1923,6080,6687,92677,4157,7619,262500
1336,-15,368,7,5,0,118,-2,-7,1128
3608,-374,3417,2,-38,-22,162,-40,-30,3335
4302,1,4810,39,-155,12,762,-194,4,5470
9785,367,22119,2,-48,24,520,-50,16,9870
35500,1316,36170,111,-781,1410,11331,-892,1028,40375
6730,170,10675,1,-350,106,1169,-351,45,6280
88150,1056,32470,311,800,582,4696,488,401,103500
1074,48,1967,7,-67,107,2341,-74,53,1020
2620,302,6393,160,34,29,2067,-126,87,2395
1665,13,1345,2,30,5,112,28,3,1685
21350,324,22324,29,83,99,470,54,43,23325
5825,62,6538,197,8,77,1248,-189,13,6250
942,22,1800,2,-129,32,917,-130,12,1025
2320,57,5282,242,32,168,3849,-210,38,2560
7525,293,12902,114,-3,101,2034,-117,124,6720
17850,406,32969,13,-1092,156,4561,-1105,44,16500
4955,36,2883,5,-21,14,210,-25,6,4255
7860,237,11546,65,93,67,1232,28,47,8005
5717,9,5220,14,-55,-4,354,-69,2,6160
9485,-154,3594,3,42,11,338,39,-18,13600
46250,164,4831,12,23,26,1242,11,20,46400
2043,10,2342,10,41,7,589,31,2,1960
4168,-16,2042,1,102,15,335,102,-8,3915
31350,1394,58362,58,-107,139,1493,-164,81,29550
4932,58,5716,9,-13,21,402,-22,13,5030
3230,83,3847,-18,-93,70,1060,-75,56,3185
3298,39,3930,7,66,36,580,59,14,3328
2790,39,3964,13,24,12,515,11,21,2855
9430,-136,16504,1,7,-11,350,7,-39,10270
76700,1374,25701,26,160,235,1337,134,163,74000
4230,178,7450,397,-398,277,4206,-796,83,3990
53100,787,13475,110,-193,238,2950,-303,228,47700
48975,1310,69639,33,-40,174,1851,-74,126,45650
2691,-25,1690,4,1,1,118,-3,-4,2393
1353,-15,264,1,-94,-1,311,-95,-6,1027
4387,101,4503,30,21,21,235,-9,15,4940
1253,12,1126,9,-95,9,513,-103,7,1065
954,-49,982,4,-21,-15,23,-25,-27,858
58950,999,76948,5,-6,46,604,-12,21,58200
1029,-53,1127,14,-38,-12,241,-52,-31,1103
37575,3185,124253,60,728,183,4490,668,205,38525
8930,-359,1733,0,-4,-12,202,-4,-13,6885
7865,146,5670,4,66,30,324,62,26,7840
6055,396,15984,1106,898,393,10907,-208,267,6475
40650,1350,110782,35691,33861,14632,151466,-1830,9000,38550
6115,-47,6050,30,302,-14,2052,272,-34,5315
5185,61,5906,50,-46,51,1459,-96,18,5355
12275,-142,5216,67,88,-7,426,21,-18,19500
84300,603,11579,38,335,202,1332,297,151,110900
134000,5133,86116,-626,-95,266,3608,531,266,129250
8770,1505,10256,21,-173,239,6662,-194,212,8185
27950,547,65653,8,80,32,842,73,18,32375
1690,-16,1426,0,15,5,287,15,-6,1778
8650,1184,24946,123,443,274,3392,319,282,8265
2273,41,4967,4,-5,29,672,-9,27,2255
1440,44,1774,2,-54,22,328,-56,8,1550
2515,-36,2025,1,75,9,251,74,-16,2520
6065,29,3695,18,38,10,321,20,5,6035
8515,-182,6897,75,54,-2,542,-21,-34,8600
93850,4377,231635,58,728,174,5531,670,220,95000
1540,20,1764,3,49,10,249,46,11,1435
249750,7296,223875,6578,9304,4105,42344,2726,5835,271500
879,-26,481,8,-3,-23,150,-10,-19,561
48750,1107,31507,50,303,299,4554,253,259,52550
119750,293,66770,236,-100,44,5292,-336,-14,158750
8045,128,11604,39,77,22,468,38,28,7465
2810,-67,3803,31,30,14,438,-1,-39,2855
57350,2768,192455,121,-208,231,12249,-329,192,57800
5810,169,7727,51,-74,43,599,-126,74,5495
4150,-255,318,64,76,-38,287,12,-185,4240
33400,592,11122,25,-28,47,237,-53,45,36100
167750,1160,65958,371,300,1470,21495,-71,907,199500
4063,54,1984,6,1,31,175,-5,27,4188
102350,3092,158078,161,-592,326,17064,-754,334,95450
11900,134,3529,781,1749,1272,14490,967,742,13425
12500,238,52416,91,27,10,176,-64,9,12225
6405,23,4318,4,5,32,466,2,13,7380
1836,14,1918,24,-10,23,807,-34,4,1758
12725,160,9271,99,290,117,869,191,47,14625
22025,867,34974,36,10,108,1860,-26,75,21200
4430,658,9423,58,-18,80,974,-75,89,4830
3756,158,6465,22,-108,24,573,-129,18,3728
5310,73,4173,2,15,8,76,13,7,11465
31475,1009,40893,129,136,275,2445,6,248,32000
39425,266,7380,36,43,140,995,7,108,36925
4302,490,4942,1305,1554,263,14571,249,961,4645
1233,69,1935,2,-18,47,635,-20,34,1143
95850,989,13529,801,1354,1209,6102,553,754,103100
9430,29,14493,9,453,50,3386,444,6,7815
3758,18,3566,25,-22,15,347,-47,2,2623
6855,118,2483,59,-50,165,2301,-110,179,8055
3028,55,1116,6,32,26,171,27,29,2740
6815,263,8790,4,18,24,115,14,19,6515
5656,174,9387,70,330,274,3131,260,126,4963
232000,2844,552308,2823,1277,2074,70594,-1546,1115,203000
18650,723,21969,29,3477,841,3313,3448,643,19625
6935,128,18183,161,64,-9,826,-96,25,7095
6275,164,13398,64,292,48,1531,228,24,6020
4841,267,10602,34,22,22,550,-13,26,4608
49400,532,58828,18,151,91,1434,134,49,49400
8495,170,8466,9,26,30,255,17,25,14250
4076,-70,1087,1,-1,19,658,-2,-61,3793
4323,-12,7733,8,-2,1,304,-10,-2,4183
12750,484,15705,4,70,60,340,65,61,12525
3645,108,4132,93,316,302,2431,223,194,3615
34725,473,15504,44,184,136,912,140,122,42550
3763,136,4858,22,80,16,239,58,24,2658
4033,-19,6877,63,215,40,1161,152,35,4023
2475,77,2281,5,-54,38,1089,-60,21,2568
566,-14,575,1,-4,-23,105,-5,-6,840
4780,168,9209,12,-53,40,915,-64,25,5075
2388,28,1753,5,-29,30,287,-35,11,2733
1751,-96,1534,80,168,-26,2273,87,-30,1538
3978,89,11843,185,-60,83,1601,-245,19,3600
9100,-347,8435,-25,66,-49,148,91,-49,9035
74900,1237,86270,102,225,84,1712,122,63,70350
3475,48,1237,5,2,63,459,-3,31,4620
1605,7,496,20,57,30,905,37,7,1778
4855,1,9411,29,54,21,455,26,-3,4895
73550,1472,60132,203,-65,222,1929,-268,153,68100
2873,-14,3478,15,-44,15,475,-59,-3,2850
241,-3,115,1,-22,-5,60,-23,-18,227
1440,-22,1837,54,14,28,575,-40,-18,1450
9660,38,3789,6,-75,24,838,-81,15,11500
9155,168,8422,8,-206,96,2894,-214,83,9715
6725,14,4081,1,11,2,199,10,1,6075
2336,-45,3313,10,29,1,212,19,-7,2238
34850,733,40061,59,118,170,1675,60,142,32850
26000,83,3939,280,-179,107,421,-459,69,27675
5735,-29,5198,10,3,3,409,-7,-5,5700
1985,16,848,-16,37,9,563,52,9,1870
612,-1000,49,16,-105,-45,87,-121,-333,465
4038,53,3537,11,-32,28,365,-43,24,3963
26075,395,11555,3,749,119,1366,746,403,28625
1463,22,618,14,-34,-2,198,-48,13,1220
4535,7,2504,6,-2,4,308,-8,3,7025
2078,-315,1990,27,15,-33,323,-12,-86,1940
1300,-17,1573,60,628,2,2365,568,-58,1353
674,-11,798,2,160,3,558,158,-9,643
2556,-251,963,0,-13,-8,30,-13,-46,2188
10675,-225,5161,35,-4382,124,16189,-4416,-469,12975
12350,424,13007,48,-208,49,863,-255,49,11975
131000,1108,117184,1242,5862,1370,67023,4620,1855,128750
16650,-225,2487,9,-36,-105,62,-45,-144,37025
5986,60,4439,263,472,409,5229,209,319,5523
63800,405,83866,7,46,68,1336,39,41,63650
4487,108,2222,24,56,42,159,32,54,5235
18550,146,7166,59,-184,233,6746,-243,164,21100
7940,48,2559,39,185,62,851,145,29,8990
29925,769,46795,7292,5421,4170,56117,-1871,2243,30775
4850,-127,2221,0,6,0,24,6,-19,4665
17850,41,7264,0,98,55,255,98,7,17550
8060,299,7976,64,184,205,1211,120,228,7705
9265,697,8761,1,-19,23,402,-20,28,9280
1813,-18,772,0,-10,-8,202,-10,-9,1725
2900,68,4708,5,59,13,434,54,10,2990
2070,225,1715,0,112,52,2473,112,225,2055
37850,53,3398,14,85,9,78,71,6,45850
61200,904,67044,99,18,44,2721,-82,65,73800
130750,917,77054,146,-158,48,2848,-304,36,135250
4117,-31,5151,15,-49,12,474,-64,-8,5820
1723,-51,1500,0,-93,-9,201,-94,-18,1418
4186,-425,1328,3,16,-29,-53,13,-70,3373
24725,108,9783,11,296,50,447,285,22,25725
11000,-134,11332,113,-2585,632,3866,-2698,392,10275
7885,7,3630,30,45,4,128,15,3,11425
14025,222,3225,8,-113,57,683,-121,36,24400
4691,91,5763,2,-1,8,255,-4,13,4613
10750,563,14497,46,89,93,562,44,85,8710
3873,30,1167,0,2,17,175,2,12,3740
13675,304,11006,2888,4427,2028,28820,1538,1325,14275
13850,1,10132,6,-60,14,282,-65,0,9680
7360,-217,960,1,-4,12,108,-4,-26,8025
1267,-37,516,1,-14,-9,-22,-16,-21,1420
560,116,403,2,64,55,166,62,89,618
5477,28,2426,0,26,-6,78,26,5,5685
596,-70,390,0,22,-9,223,22,-42,549
6370,682,8838,28,11,18,254,-17,95,6215
12325,139,14442,0,-13,13,90,-14,6,13800
1465,-39,1015,4,3,9,47,0,-9,1638
1128,-25,1406,1,14,0,204,14,-8,1098
1741,-51,645,-6,53,37,13,59,-37,1653
2025,43,1766,0,20,17,99,19,16,2250
12350,760,12218,17,-1802,349,1718,-1820,518,10725
1425,15,1903,88,-12,21,681,-101,13,1355
2880,51,2734,8,17,22,264,8,13,2938
5130,-20,7280,0,-1,10,131,-1,2,5030
4750,-236,1873,4,-40,-11,517,-44,-40,4765
20250,-66,15677,380,137,-7,749,-244,-11,26600
5476,58,1433,3,110,124,807,107,57,5318
1928,55,2169,2,3,7,133,1,14,1873
6080,121,3605,1,-33,21,535,-35,24,11110
1963,-37,3206,5,16,-12,295,12,-10,1928
4990,-23,4491,26,-88,-27,826,-114,-17,5103
7140,-742,19003,114,-58,-75,2740,-172,-149,7920
6693,-124,4503,8,-88,-17,841,-96,-21,4480
8635,80,9059,6,3,51,410,-3,15,6950
9985,58,6108,62,144,9,663,82,2,9650
107000,1708,53822,894,-2215,3955,11787,-3108,2352,118750
719,23,1078,1,-6,24,148,-8,23,632
18500,1109,18315,37,117,148,705,80,316,19025
17025,-125,26907,553,105,2368,34379,-448,375,16450
24600,-286,30223,52,-138,-61,1628,-190,-52,25125
32125,1770,36863,16096,12420,10269,70622,-3676,6795,30025
14150,89,12031,1079,261,-77,1424,-818,13,24100
16025,288,14611,186,315,291,3378,128,202,14925
273250,8368,234558,11538,7998,17070,230625,-3540,16154,288500
4502,-5,1690,4,-5,-3,150,-8,-1,4685
10340,-323,8406,6,51,-35,817,45,-54,10625
4395,-1180,6796,35,629,230,12125,595,-616,3980
5107,72,3508,2,12,12,134,10,6,5315
35025,607,15735,182,1076,1624,4230,894,1298,36200
4372,-81,672,0,10,-6,35,9,-16,4960
751500,6234,129838,695,1116,2908,10822,422,2109,851500
3378,-49,2496,2,-25,0,151,-27,-10,3015
11875,-168,6728,-3,86,217,-154,88,-52,17675
4920,-21,5010,3,-20,17,201,-23,0,5870
1965,-8,492,4,44,60,125,41,9,1925
131750,794,51263,204,942,383,4438,739,545,135000
203000,4634,152769,505,1048,535,5464,543,332,235550
6260,236,5879,97,432,286,3291,335,179,6255
1083,37,1395,7,372,244,2712,365,69,1223
9180,39,2126,0,63,57,257,63,14,12925
8605,-312,3946,10,19,-49,1157,9,-130,9720
7645,232,6276,20,20,28,169,-1,31,8535
1198,5,747,2,3,6,84,1,3,1713
1167,-6,396,1,6,0,87,5,-2,5175
2585,20,2773,0,7,7,46,7,5,4028
41775,571,27723,4,109,57,486,104,34,41825
7310,142,2392,5,-1,74,512,-6,40,6560
1338,-218,1363,1,-12,-24,29,-13,-41,2013
3772,39,746,597,-61,-2,580,-658,44,5385
43525,5384,109901,3753,12072,8267,77182,8319,5001,43050
178550,3007,39996,386,682,402,1239,296,322,181500
15100,58,35977,26,12,314,3830,-14,16,16025
2510,17,1763,182,205,75,1158,23,25,2465
437250,800,85409,58,725,304,2395,667,174,458500
11775,461,8341,34,297,116,2378,263,170,12100
581,1,424,24,18,6,387,-6,4,598
4408,118,4650,1,14,23,167,13,19,4373
6550,249,4052,6,51,46,370,45,36,7025
2835,-11,3251,56,408,35,1912,352,6,2425
23775,594,15972,31,333,84,826,302,59,22725
4445,107,4168,9,-189,29,436,-198,17,6215
64900,-461,34611,207,600,210,1871,394,-77,66300
9600,80,4779,6,-25,51,539,-31,18,10255
14925,288,3320,103,203,126,761,100,139,13250
1837,-22,1714,3,-14,-16,142,-17,-17,1995
2115,60,4093,108,157,35,1300,49,35,1820
7205,703,11668,-3,1,137,1393,4,115,6530
9975,77,7040,6,16,7,386,10,5,11550
1735,-322,3572,-14,-90,-58,2754,-76,-357,1685
4766,14,3717,8,-76,19,352,-84,2,4593
7760,669,9434,1,152,44,2604,152,204,8440
1740,40,1868,5,-5,24,289,-11,14,1600
2230,7,838,6,-17,8,120,-23,5,2283
4270,30,7618,11,-36,7,360,-47,3,3835
3608,-57,4746,148,283,42,1117,134,-30,4093
11925,142,7330,48,-31,8,115,-78,9,12400
2248,395,5673,150,386,127,3047,236,96,2120
24150,411,9296,22,80,8,263,58,44,36675
16100,326,16388,487,512,52,662,25,28,16200
4840,-29,3396,6,8,6,187,2,-6,4865
3353,304,5558,259,180,200,1812,-79,326,3173
9480,372,4567,2,-1456,218,838,-1458,174,11475
1470,29,1202,1,-3,3,79,-4,10,1473
5117,-4,4374,1,239,31,935,238,3,5415
10430,-1048,6926,2,-4,-25,36,-6,-120,9705
3490,-36,956,14,2,-10,153,-12,-18,3978
5726,241,9833,2,-9,3,212,-10,28,5118
3125,145,7261,3,120,53,526,117,21,3333
76400,546,26199,44,67,148,1084,23,67,97000
85650,451,16650,141,-5,103,1713,-147,49,103400
7650,-13,1005,0,2,-1,13,1,-4,13795
1165,-476,395,-39,-54,-75,33,-15,-186,1273
9110,20,5994,1,20,-1,304,20,3,9110
3115,13,4601,9,-105,26,261,-114,3,3193
3657,139,3913,1,19,29,157,18,32,3770
18675,348,4856,41,-58,79,617,-99,48,25275
5965,-1210,5793,24,-113,-43,481,-137,-326,6740
4541,-1183,6240,8,16,-39,380,9,-95,4258
9180,301,8656,79,51,43,357,-28,33,10975
31675,146,7344,17,11,65,209,-5,32,33675
4600,-38,1017,1,-6,0,52,-6,-9,5740
2693,-35,1860,0,-12,-4,199,-12,-14,2450
10390,379,4690,11,54,47,226,43,46,10220
2290,-173,4173,27,98,-71,250,71,-73,2085
2640,-28,713,0,-5,-12,34,-4,-36,2903
7540,157,3919,3,37,30,227,34,25,7800
3155,167,7698,37,284,191,3409,247,60,3055
13325,151,7015,-54,12,47,707,66,25,13825
1493,-170,1437,2,-42,-35,29,-44,-37,1488
14625,15,4040,4,-64,-23,84,-68,5,13825
11325,42,9377,9,153,48,768,144,7,9620
7150,54,1710,0,19,13,71,19,11,6580
29725,-313,14723,13,15,12,681,2,-80,36475
7915,821,18728,7,96,39,944,90,100,7675
4057,-399,1598,-8,14,3,-112,23,-109,4615
7470,207,7781,28,-18,98,946,-47,46,7580
30800,178,6667,18,50,45,197,31,24,37525
10560,318,6861,1,27,10,119,26,36,12100
13625,357,4984,11,35,26,152,24,31,9910
35250,-1,1711,4,-19,3,83,-23,0,37575
1788,-19,835,2,-35,-5,68,-37,-10,1813
1813,44,1983,11,15,27,351,4,21,1753
13875,67,33110,4,-4,2,407,-7,-7,13100
3655,-21,3621,0,5,-2,224,5,-3,3830
2828,9,399,0,0,3,42,0,3,3088
7335,-21,5559,22,-28,-2,269,-50,-5,7475
8375,250,9437,159,2678,1484,15616,2519,743,9020
659,-16,444,34,-28,-15,48,-62,-19,680
29425,3998,11733,34,24,83,442,-11,606,32450
4050,-95,2843,14,-73,-52,90,-87,-42,4088
1370,-382,564,4,-12,-63,129,-16,-144,1355
1093,-9,1437,8,4,10,231,-3,-3,1006
17425,908,8537,2,-104,142,458,-106,62,13300
10195,2944,23721,50,231,62,2828,181,618,10430
4122,50,2644,-3,27,6,154,30,6,5025
5880,-101,10748,5,7,-29,158,2,-19,5850
3725,-104,1787,0,-2,-10,46,-2,-22,4015
2000,-27,652,1,-18,-7,18,-19,-7,1755
3887,141,4914,7,36,13,70,29,13,5335
186,2,143,6,-155,6,86,-161,7,171
11075,160,6035,17,-3,44,532,-20,26,12325
821,-2,549,1,59,-1,143,59,-2,721
9465,104,9420,54,177,70,381,123,24,8960
6030,45,2615,2,-3,3,35,-4,4,6865
1833,-53,2427,0,30,-3,99,30,-10,1633
26425,-57,29993,261,-44,19,665,-305,-6,35550
4933,134,4645,3,-4,21,376,-7,16,5048
13000,-402,11969,24,91,-79,1842,67,-72,13825
3627,165,4308,6,27,9,81,22,15,4300
1861,32,1170,1,28,24,204,27,22,1753
2521,30,1170,0,-14,10,351,-14,10,2208
10470,183,4297,5,27,16,189,22,12,12375
1790,27,2082,4,21,15,201,17,7,1890
5340,-165,6026,52,140,-3,992,88,-23,5520
3221,97,2750,186,243,46,719,57,35,2958
6180,189,3920,33,-4,23,365,-37,23,7455
7780,22,7176,1,-41,26,510,-42,5,8995
5347,-59,1989,2,4,4,175,2,-9,5650
1305,21,978,2,45,10,84,44,9,1400
6800,-66,6668,0,-114,38,364,-114,-15,8115
23775,116,10341,372,533,234,2562,162,58,29200
4003,389,4044,0,11,30,557,10,57,3950
2603,-33,1806,4,-9,1,134,-13,-6,2773
7125,462,5309,160,4775,2211,26401,4615,1919,5685
20375,784,22431,170,-1306,1103,52245,-1477,920,18200
3855,-91,819,0,7,-26,79,6,-23,4123
5755,-61,4352,101,11,4,1607,-90,-21,5710
2778,-45,2274,11,14,1,266,3,-19,2590
2507,16,675,1,12,7,59,11,6,3185
45025,380,14128,144,-2097,977,7118,-2241,371,48250
1270,121,1448,51,115,38,420,64,60,1563
68250,2,7486,340,76,79,935,-264,-3,58050
5295,-37,563,7,0,-4,59,-8,-11,5850
8140,427,8864,11,36,39,589,25,49,8270
31450,8,3193,4,-8,-4,32,-12,1,39700
2888,-27,775,0,-44,-6,149,-44,-19,2808
5615,-257,1238,-12,7,-8,287,20,-33,6085
2228,111,2163,3,43,4,164,40,16,2108
2200,-37,303,23,22,-6,79,-1,-47,2253
8300,-63,4716,12,-18,1,299,-29,-8,9360
11050,33,21698,381,-26,82,1885,-407,40,10625
5631,-165,1392,8,23,-30,223,14,-58,2893
2795,-68,2703,63,-8,2,424,-71,-13,3360
7825,-457,2565,7,-3,-104,26,-10,-87,9270
9980,323,12650,5,42,19,157,37,29,9430
984,-10,734,6,60,31,438,54,1,966
3558,-11,1801,2,-68,-8,212,-70,-3,3520
7950,138,7449,40,-120,66,1226,-159,31,6955
4698,-355,1894,4,-10,-19,155,-14,-38,3633
2121,71,1063,4,135,35,409,130,27,1728
2993,79,1201,1,28,19,226,27,11,3158
190000,6148,148789,255,-153,301,6327,-408,237,224000
10600,-268,7719,7,-117,2,493,-124,-27,8085
69950,358,10212,4,-103,8,238,-106,28,83650
37475,368,10089,0,44,56,146,44,35,38675
2570,-219,1673,43,94,256,955,51,-115,2573
882,8,861,18,-35,1,44,-54,7,999
2718,114,3097,11,81,5,326,71,19,1950
2435,-1030,2471,7,103,487,368,96,-273,3935
2230,-18,527,2,-17,-3,261,-20,-3,2255
51450,-1744,9699,64,-306,-333,1245,-369,-322,51800
4625,11,5508,21,32,12,250,11,1,4640
37975,-4,15745,49,-54,45,5948,-103,6,38475
42850,653,17578,70,322,362,2726,252,294,39750
975,-100,889,48,-33,-130,27,-81,-99,1150
902000,9996,152900,690,2514,2600,16007,1824,1806,1194000
386750,6794,192972,2858,2236,7969,64867,-622,5481,405000
1137,-34,577,0,0,-8,4,0,-8,936
5910,-103,1042,4,-25,-24,15,-29,-26,5870
3955,-3,1865,0,-1,69,-1,-1,0,4115
3185,2,2233,1,-47,1,143,-47,1,3453
15675,202,8600,27,-12,42,281,-39,30,19700
604,28,712,23,5,4,46,-18,24,584
10480,175,12325,3,128,-72,271,125,29,12400
38400,278,16926,9,44,59,603,35,27,46600
15000,-328,10344,0,8,12,136,7,-37,16450
5495,28,2243,0,-18,20,186,-18,2,5620
1135,23,1128,22,43,5,137,20,10,1110
8285,3,4571,7,-7,5,206,-13,1,10410
1121,35,1227,-9,25,-2,356,34,5,1063
1440,-240,498,2,-28,-9,119,-30,-88,1990
7150,31,8021,2,-6,3,70,-8,2,8465
15000,377,11314,170,384,250,1622,214,180,13350
3703,160,6207,2,42,15,440,40,30,3798
2067,66,3120,54,86,-1,353,33,13,2100
5860,-45,4289,6,105,-11,1086,99,-8,5660
5790,288,5373,1,26,54,201,26,33,4555
5502,35,2234,0,27,11,89,28,10,5870
6340,55,6451,2,48,28,586,46,18,6850
14300,78,11932,114,-141,26,824,-254,9,13625
17300,702,13505,13,103,60,271,90,61,19125
10450,280,18284,8,127,43,369,119,24,11600
10725,282,9374,4,50,28,447,45,31,9340
6030,-269,12652,51,80,56,2287,28,-37,5930
47875,198,19390,8,14,18,329,6,20,53650
8200,-5,2660,2,-25,2,145,-27,-1,6685
5047,5,6200,11,5,5,590,-6,1,5525
15725,-1187,11735,21,-33,11,265,-53,-170,16150
3000,184,4390,90,78,17,670,-12,42,2390
4676,96,7699,61,-118,27,1261,-180,20,4523
2968,-24,1586,2,-48,-22,71,-50,-5,2663
10250,384,6828,3,39,21,280,36,52,11925
3940,-66,5575,7,19,-12,124,11,-9,4070
40675,853,7768,412,-20,-91,-2530,-432,262,33550
1900,-87,654,0,39,-24,258,39,-75,2475
12675,29,19510,13,111,52,861,98,-9,14125
1383,-41,1796,5,-105,-1,534,-110,-17,1363
55400,587,18452,7,9,66,279,2,37,58650
3445,-116,1000,6,-2,4,203,-7,-17,4923
11675,-295,7804,1,-3,-34,24,-5,-23,12850
6160,548,9460,0,24,42,269,24,54,7495
2911,5,3302,13,-48,11,427,-61,1,2433
3056,-214,2920,0,3,39,144,3,-37,3013
129500,3886,126013,12,484,423,2610,472,466,124000
5118,33,532,8,23,43,263,15,18,4975
2388,14,1632,9,15,4,186,6,6,2360
2488,-134,1821,1,2,3,55,1,-21,1800
6406,-10,1836,1,-1,1,28,-2,-1,4828
776,-95,514,-3,-92,-24,221,-88,-63,1024
997,13,1343,0,26,22,228,26,18,1028
2788,-118,857,-1,7,-4,-23,8,-12,2638
32300,1461,34535,11,110,111,2246,99,87,28575
1930,-29,1250,8,52,36,297,43,0,1011
5765,8,5250,61,-80,37,671,-141,0,6260
154500,7535,433107,466,113,697,11414,-353,521,154000
6920,205,6851,40,40,28,393,-1,32,6690
3497,6,930,2,14,7,89,12,6,6725
2350,16,3539,3,38,10,1754,34,6,2330
4018,63,2207,78,64,54,399,-15,29,3953
3315,-95,2395,27,22,1,186,-5,-20,3630
6635,64,4507,28,51,45,384,23,22,7075
1069,-138,670,2,26,0,133,24,-32,1091
10445,-82,2203,-5,-46,3,86,-41,-17,7770
17350,108,4540,17,104,25,757,88,25,17900
3308,2,3395,0,-67,3,119,-68,1,4338
3145,103,5083,6,16,12,469,10,8,3250
1830,80,2574,4,52,28,238,48,20,1948
4443,250,2001,20,-3,-1,241,-22,156,1873
6420,-114,1226,2,24,-50,115,22,-35,6015
8130,-100,5091,4,13,-24,316,9,-18,11500
9525,-719,12100,33,62,-104,1173,29,-144,12700
61950,1267,84466,54,198,250,2289,143,144,63550
4725,45,11323,1,2,6,197,1,5,5375
63100,446,36375,15,-32,-27,384,-47,28,81300
6580,12,4302,2,39,5,104,37,2,8745
10880,117,4156,47,60,30,533,13,30,11490
4907,6,3015,13,165,33,367,152,-7,5920
17400,52,16412,24,-1159,348,6514,-1183,49,18825
1457,23,984,10,43,3,660,32,15,1555
4917,-146,1401,1,1,-8,59,1,-25,8410
4528,-8,1119,0,17,-22,82,17,-17,3635
2820,-696,6841,3,880,19,638,877,-293,3025
1757,-23,1723,8,-1,14,366,-9,-10,2820
7100,173,9908,21,-38,81,514,-59,28,6705
3727,12,902,6,2,-13,101,-3,7,4395
1620,-77,605,12,8,3,171,-5,-31,1693
4652,-93,5055,47,131,38,984,83,-20,5355
788,-20,376,4,-8,-23,-17,-12,-9,925
2395,-97,1277,1,29,-14,50,28,-15,2610
641,-76,599,-17,21,0,197,38,-58,647
12925,50,6568,102,64,17,155,-37,6,13575
13200,136,20151,33,-32,17,523,-65,13,13825
3973,-81,6643,4,-42,6,169,-46,-11,3383
13050,930,11266,0,-4,8,141,-4,48,13975
1397,-40,1009,1,-55,-6,80,-56,-8,2005
4341,-398,3353,1,-45,-7,85,-45,-83,3658
3153,0,1950,9,159,20,751,149,20,3095
2065,-32,1687,221,11,-23,47,-209,-9,1995
6860,8,6372,2,-7,6,56,-9,1,6410
85550,4398,68420,6401,7950,9215,146572,1548,8357,100250
2786,62,2290,28,74,3,675,46,15,2403
24100,484,11902,3,50,13,694,47,36,18600
5990,-5,2635,20,17,-1,302,-3,-1,9860
503,-11,461,22,14,3,53,-8,-9,637
3710,-54,1386,0,-6,-14,231,-7,-12,4220
39650,165,4863,59,-64,43,682,-123,40,40325
966,3,767,3,6,9,206,3,2,932
13675,-534,4142,0,-20,-15,150,-20,-63,14000
21400,67,3764,32,48,18,331,16,13,23100
21125,334,5460,18,56,47,215,38,36,18875
9665,-183,7580,16,101,54,1778,85,-27,10400
33275,324,12791,1,68,24,435,66,19,33550
7060,-46,995,1,-30,-1,186,-31,-18,8095
4962,-691,5522,61,77,-125,794,17,-139,5605
17025,309,5284,141,-47,17,228,-188,40,18775
3233,435,5402,17,214,55,1641,198,125,3313
6475,118,1169,0,53,24,281,52,28,8470
3153,-45,5265,16,-3,-7,60,-19,-4,2778
5105,179,9761,2,-143,94,456,-145,74,4945
4665,-57,5280,48,6,31,182,-42,-11,4300
4520,411,4148,10,42,41,182,32,42,4683
6100,73,2595,620,349,29,2177,-271,13,5565
4065,68,4040,0,58,0,56,58,7,4283
10825,107,5698,11,-38,34,243,-49,26,14750
130650,543,16789,36,1792,894,1966,1756,671,207550
9800,128,8454,31,26,41,461,-4,27,11500
2085,4,750,1,1,4,24,0,2,2363
12175,150,10714,40,-121,100,1591,-161,33,14845
19200,4,10168,9,-43,11,388,-52,1,60200
8620,-84,5748,2,43,59,540,41,-19,6750
3813,61,3371,1,37,16,223,36,16,4073
5388,-9,901,5,-5,0,69,-11,-3,2490
22250,381,7619,1,203,156,574,202,134,33775
9895,75,3523,14,-35,21,229,-49,14,11925
23950,735,13016,51,216,423,1878,165,293,24575
12650,357,6202,0,50,21,205,50,25,14175
10700,150,13834,22,13,28,683,-9,16,11950
5995,-135,6134,12,6,-6,217,-5,-11,5770
105900,284,47930,239,217,59,2259,-23,19,147000
4771,18,1372,1,56,12,236,54,-3,3843
90800,3756,162716,528,950,1210,4898,422,1040,103500
6155,48,2860,-2,26,2,193,28,12,7895
9780,-7,6765,8,78,-1,540,69,-1,12500
4523,-19,9012,62,12,7,572,-50,-2,4438
1238,23,803,21,14,12,325,-6,7,1103
8321,43893,4585,1,-111,43,942,-112,6724,4798
4350,-138,3908,0,-43,-10,65,-43,-18,4255
8235,118,6701,42,47,64,865,5,45,7185
1510,-36,629,2,-22,22,-332,-24,-11,1205
113500,1296,178546,11,21,107,1031,10,60,118000
1408,65,967,0,-43,15,227,-43,20,1338
30975,-1116,61383,25,51,-82,320,26,-74,31225
5900,168,8736,3,22,9,167,18,10,6095
11900,1297,13813,23,-138,46,377,-160,115,9115
2170,-124,2886,2,-11,-13,67,-12,-14,2105
5881,109,6976,123,1841,547,7906,1718,170,5193
13300,-949,11194,1,30,-12,139,30,-57,19125
2802,-36,3270,3,-17,-6,101,-19,-4,3130
811,-319,2457,7,-11,-12,31,-18,-15,5013
11550,154,5648,25,-31,42,358,-56,44,15575
3738,11,875,3,-30,2,66,-33,2,6093
5375,116,8548,2,12,6,65,10,11,5395
7325,145,10858,37,-7,39,459,-44,28,7385
3031,59,4083,3,284,43,867,281,23,2933
2360,-64,3913,1,31,-5,220,30,-11,2465
3545,80,3412,1,124,5,417,122,27,3115
5950,121,4428,141,75,-10,956,-65,22,4745
3208,-90,3804,1,7,1,-41,6,-13,2653
8715,24,8622,7,3,6,107,-5,5,8260
7340,174,6357,2,-58,10,611,-60,80,9010
13925,229,4055,17,-5,47,908,-22,63,8435
12075,-27,18165,2,-67,-5,62,-69,-3,12475
16950,4799,11751,0,11,5,12,11,935,23350
9160,202,5827,19,10,32,183,-9,24,10035
91100,173,18646,1,-6,-6,97,-7,14,101900
120550,2831,50952,2,321,424,1332,319,364,130400
3925,-52,4447,2,16,3,187,14,-5,3315
17850,164,11184,19,-207,49,959,-225,29,19675
7930,15,4459,4,-11,9,208,-15,2,13275
1956,-359,1253,103,52,-35,176,-51,-53,1533
10625,365,9068,13,39,27,1020,26,47,12025
66400,4236,74752,2653,5062,6456,39181,2409,4349,60950
676,-373,1169,16,2,-6,69,-14,-88,733
64200,-207,15038,373,142,146,4055,-231,19,73500
2288,7,1659,4,20,-14,176,16,2,3068
15825,1150,16276,5,125,91,900,120,121,16400
22750,417,16820,14,254,109,1949,240,72,31175
76300,221,27978,130,-966,60,3585,-1096,49,57950
4048,95,3571,4,23,39,260,19,33,4118
10950,1041,19675,28,-170,-17,1877,-198,75,11125
6001,-46,2633,90,-106,-7,196,-196,-4,4348
5530,114,4057,13,55,32,289,42,26,5725
4778,271,1906,2,-251,36,503,-253,63,4573
12475,-209,24028,17,88,34,929,72,-17,12250
6035,86,3102,-6,70,35,107,76,12,7425
8060,26,11553,73,242,6,3143,169,9,9640
8830,145,7982,-27,-2,9,102,25,17,8835
26150,428,5830,1,31,110,740,30,81,32525
3075,-45,1616,0,15,-1,179,14,-11,4130
12375,199,7130,179,-419,107,739,-598,82,11075
895,-162,508,0,-34,1,-13,-34,-49,686
8320,150,5944,6,31,4,399,25,11,8015
7710,336,10160,24,59,19,130,36,39,8875
1333,-1452,2377,3,-39,-23,-32,-42,-235,1037
5366,-457,3967,2,0,-27,64,-1,-28,4323
20850,144,7758,11,39,26,280,29,16,18925
4658,175,6376,88,94,18,468,7,26,4413
70050,153,12629,68,-2452,489,6537,-2520,255,80550
9025,131,4084,21,99,65,328,78,1,6745
11025,95,1757,-23,2,63,-529,25,-266,14425
959,-293,2623,12,4,-22,445,-8,-71,819
4102,82,7861,9,-363,70,2071,-372,57,4410
1403,-403,3204,-15,-94,-42,2676,-79,-334,1473
17800,452,6212,41,28,61,458,-13,61,16175
9845,459,6521,11,-44,39,375,-55,45,12200
2311,83,2222,5,5,1,347,0,17,1698
5575,159,7639,25,47,16,290,22,17,5925
19800,-35,1841,0,3,-7,68,3,-9,7395
4933,109,3900,19,94,47,893,74,28,4278
14975,-116,3152,1,-14,-38,3,-14,-44,21525
7075,473,7193,19,-102,44,562,-121,74,6960
12125,297,19391,30,64,102,2839,34,73,9855
71500,429,30712,79,22,114,734,-57,82,90750
19750,156,9458,1,67,14,171,65,35,21675
36300,390,38339,1,6,16,335,5,13,35400
9355,272,13312,275,350,334,7985,75,247,10080
10875,103,15145,20,115,23,491,94,9,10670
9315,327,9431,76,460,112,1896,384,81,7805
1436,-26,2254,7,24,-12,291,17,-16,1308
11350,-53,5351,2,-29,1,197,-31,-15,11650
4297,1,3218,6,81,-11,292,75,0,5225
4095,24,4713,4,11,1,175,7,5,4985
4140,40,5041,10,13,5,106,3,4,4788
7615,21,1728,7,8,6,55,1,2,7565
4562,42,4387,2,-5,7,131,-7,3,4905
1866,-224,2953,1,0,100,15,0,-34,1558
147000,6581,95109,152,1442,1918,39773,1290,2468,140500
10825,234,3555,1,110,58,371,110,49,12450
58950,921,27538,14,44,112,806,30,82,61450
34075,-593,6757,259,-79,28,471,-339,-105,36475
5645,185,7148,11,30,3,128,19,14,6115
542100,2998,29423,104,146,212,405,42,170,465100
18675,165,11444,0,16,57,536,16,18,19675
5107,44,2023,1,252,29,393,250,27,5560
2140,7,776,2,49,-6,123,47,1,2110
18425,-200,12782,29,179,-214,-1316,151,-50,14300
5660,340,7808,1,180,46,365,180,42,5385
4002,126,4185,26,-219,103,1099,-244,36,4660
6495,1,7383,35,-17,11,676,-52,0,5875
16450,-635,6056,159,-103,-12,269,-262,-116,18275
6335,240,8334,24,-68,103,2211,-92,76,6960
36850,648,10490,700,566,272,2402,-134,170,35225
52150,462,11207,0,140,56,266,140,42,70650
9765,-431,10541,9,41,7,254,32,-43,10395
16550,238,7471,51,66,15,350,15,32,13525
1838,-63,1549,32,21,-24,829,-12,-24,1460
2823,68,4776,2,51,-9,235,49,7,2610
8710,62,13309,29,-78,46,1148,-107,13,9005
18525,423,5612,7,10,22,587,3,35,18775
1286,-516,1341,2,8,-46,150,7,-63,3105
1563,34,1434,4,25,3,274,21,14,1550
264500,3190,57464,1699,2956,3168,15690,1257,2235,317500
22125,-285,3413,26,67,-131,790,41,-89,26500
21575,467,3894,30,501,104,737,471,68,18050
2128,44,273,1,23,19,193,22,21,2468
2275,37,5605,13,37,0,743,25,5,2330
5475,-170,2453,2,69,-16,160,66,-17,5475
2448,-116,3127,1,-1,9,420,-2,-70,3318
13850,174,8996,61,112,18,461,51,26,17625
5095,139,6153,35,-3,3,384,-38,12,5440
2978,-64,3826,0,-24,4,179,-24,-4,2945
4575,-101,3028,40,-2,-3,195,-42,-11,7095
6605,145,10373,3,-21,15,188,-24,18,5930
9470,91,6458,114,178,42,1702,64,53,9255
4991,54,3232,2,-9,4,155,-11,9,4748
31375,66,4406,42,55,30,229,13,18,46550
9885,-120,7783,204,-204,98,1565,-408,-19,8300
1553,11,2205,15,1,23,558,-13,12,1323
69700,1419,141212,143,305,124,2458,162,110,68500
7945,155,7008,0,19,10,112,19,16,6810
9340,-6,4183,1,-30,-6,134,-31,-2,6955
29175,449,5555,0,4,43,131,4,34,41925
11400,814,7881,7,28,69,285,20,72,15850
26075,695,36091,55,219,241,3813,164,200,31300
6300,151,6627,7,9,25,215,2,30,6600
350,25,496,0,3,-10,133,3,24,398
13025,88,11215,9,37,10,107,28,5,14175
11275,136,1765,57,159,105,595,102,129,10030
4030,94,2869,0,-32,32,255,-32,15,4700
11075,101,8228,2,-87,26,843,-89,19,8525
1385,18,432,46,-15,12,549,-61,7,856
14325,270,4713,31,70,31,909,39,34,12950
8660,298,4034,0,11,11,45,11,21,8480
6600,18,1616,0,-4,11,144,-4,6,5985
5440,160,4416,2,-73,26,341,-75,24,5365
6610,214,11730,2,-57,6,60,-59,23,5925
4130,-121,2095,26,6,-4,308,-20,-20,6840
4078,-70,2415,24,21,-4,248,-4,-17,2993
28425,-68,4051,3,30,-7,106,27,-12,22150
25275,179,10881,7,58,18,219,51,22,19100
5248,-368,6456,40,146,-21,700,105,-114,5240
7495,110,5966,199,-277,218,3515,-476,69,7705
31425,815,8218,34,73,158,638,40,158,38050
11600,-83,12648,4,0,2,382,-3,-20,12225
7055,165,8469,4,63,72,1555,59,57,7055
8235,137,8690,-14,88,50,1065,102,17,7720
15400,-3412,9712,14,38,-48,320,24,-229,16600
29075,167,5441,31,51,25,202,20,44,32400
6605,3,6654,11,27,2,167,16,0,6430
2341,40,1274,57,72,44,931,16,26,2158
8520,-34,2124,26,143,166,1839,116,-8,8120
192000,9039,184590,704,1245,10043,113871,541,8599,202750
4098,-703,7252,55,1786,-209,5716,1731,-743,3443
18475,-511,7261,116,124,-76,1155,8,-46,19775
1328,40,840,23,166,26,346,144,42,1188
350250,5658,235671,2033,1334,1925,38665,-699,910,383000
5121,-157,4708,1,11,-10,53,11,-14,4573
63850,910,11767,5,139,86,461,134,123,84050
3363,-26,4131,3,-19,0,212,-21,-2,3003
22500,172,10957,19,16,53,360,-3,20,24225
1638,-70,1396,-6,2,-12,81,7,-25,1638
37150,215,14067,4,-43,6,81,-46,6,44600
3848,-129,3881,4,-59,9,384,-63,-31,3968
1143,11,1301,3,69,2,598,66,6,1028
42175,314,11141,13,59,76,322,46,31,38800
5340,83,4734,15,20,88,1051,4,42,5545
11625,40,15635,1,207,23,309,206,5,11750
3150,55,5459,16,49,40,661,32,53,3030
3518,23,1688,7,30,18,131,22,10,3728
2737,63,1757,132,6,33,310,-126,15,3270
2832,-46,4834,2,-36,-57,949,-38,-89,3080
5472,115,2954,1,12,21,194,10,18,6355
7385,597,8577,97,177,139,785,80,144,6635
3868,47,2308,37,2,23,675,-35,11,3190
2694,0,179,1,11,5,102,10,0,733
15875,74,10730,42,192,47,1829,149,22,16000
7240,-277,8467,0,-20,-17,71,-20,-26,9890
4781,130,15291,4,34,14,268,30,12,4463
7660,48,4770,6,48,12,261,42,8,7740
5765,-100,11613,-3,13,9,127,16,-8,5160
5945,130,6653,105,-36,76,2191,-140,26,5740
1280,-15,1261,1,11,-4,297,10,-19,1265
24200,163,11430,32,150,140,865,118,0,25250
53050,2011,44736,188,-568,817,7073,-757,565,44800
4960,-101,8458,11,397,-37,1630,385,-37,4590
1857,17,1517,1,23,12,118,22,5,2055
9700,-99,4921,0,3,-14,226,3,-17,8475
4038,61,5696,0,50,20,328,50,4,3745
12475,26,6145,15,8,6,101,-7,3,12225
76850,87,34355,55,86,39,441,30,5,70150
5711,-57,7448,8,7,-1,179,-1,-3,5348
24950,274,11230,85,461,40,3865,377,127,28000
6361,17,7723,4,27,-1,250,23,0,4988
599,-58,392,30,-28,-24,79,-58,-40,576
2637,7,3014,14,-83,6,464,-97,12,2670
1835,-1524,2969,23,-60,-109,144,-83,-309,2043
52400,960,8597,54,-59,17,280,-112,68,57500
27025,363,5138,42,435,221,1820,393,134,26900
45700,990,23406,3,192,177,1571,188,161,50950
12200,332,18238,14,41,36,462,26,32,12475
93600,1281,92362,472,1364,341,7477,892,128,94150
9015,179,5055,11,-147,98,1243,-158,63,9760
3502,-224,2156,179,-20,-37,93,-199,-67,4330
2375,-1853,2016,7,-41,-38,122,-48,-103,3923
8425,-24,2333,115,58,12,968,-57,0,6365
11490,256,4340,17,33,21,269,17,22,10615
3372,-242,1222,0,1,-27,13,1,-25,3690
7990,18,15574,4,5,-1,136,1,1,7410
3518,-680,402,0,-19,-18,-29,-19,-138,3305
32775,695,26932,204,-1330,395,4406,-1533,326,33075
5550,-48,4174,0,-6,-3,115,-7,-9,5495
12125,265,9447,0,64,17,142,64,25,12050
33100,18,17877,1,-4,24,338,-5,-25,44850
3078,107,2708,10,-6,-6,120,-17,30,2390
25625,684,17977,63,68,51,666,5,118,25300
2198,5,1528,36,59,1,314,23,1,1855
2783,142,3453,1,21,8,126,20,22,2533
9850,205,20394,48,-113,18,4008,-161,37,9280
27775,805,30788,1,24,28,54,22,25,28700
17750,152,11429,55,2,107,931,-53,84,28125
27925,-79,1777,2,-40,-11,42,-41,-18,31050
3411,-27,2907,3,-6,-2,152,-9,-4,2913
4505,-335,465,17,-27,-24,58,-45,-83,3955
5870,184,11611,5,-38,11,196,-43,9,5430
5341,29,4192,0,17,4,116,16,3,4803
24325,386,14451,120,75,33,569,-44,48,30925
1938,-53,735,0,-34,-13,23,-34,-10,3623
34250,430,8303,8,51,61,211,44,47,38200
4512,241,5502,3,-137,-11,470,-140,31,4775
11700,317,5229,1,5,43,304,4,42,13525
73800,925,70295,785,-211,458,11501,-995,222,84550
5122,-527,12334,21,44,55,321,23,-238,5360
16000,269,7122,8,-9,21,134,-17,29,16425
9515,-1425,2961,2,-55,-34,50,-56,-209,20200
5800,190,3076,7,42,7,79,34,19,5050
3655,115,3624,127,89,63,825,-38,35,3645
9670,-333,6075,46,143,70,326,97,-46,9915
3690,415,6494,182,448,172,3661,266,138,4608
26175,94,15833,59,-169,35,703,-228,-12,29875
10325,175,10831,2,1659,119,7884,1657,86,9595
14900,679,7266,108,248,112,1081,140,151,14775
6281,-229,3571,364,346,32,1679,-18,-47,2973
32075,1030,10557,6,233,117,933,227,116,27125
2178,-2221,2261,0,4,-152,43,4,-220,1893
10430,-146,9025,36,8,-14,203,-28,-10,12500
3910,131,4276,79,61,55,950,-18,41,3935
19275,343,12739,1,61,43,238,60,35,25675
4355,71,3546,0,13,9,73,13,8,4215
12325,431,3897,22,34,91,510,12,69,18300
5253,-56,9576,27,30,14,438,4,-6,5010
3468,-321,4143,3,-19,-31,77,-22,-38,3260
2257,283,1932,135,-8,0,44,-143,105,3880
3505,-166,1740,4,147,15,1025,143,-20,3020
3810,106,5773,34,116,125,719,82,119,3835
4812,167,4503,6,38,32,363,33,33,4860
13825,75,5539,0,127,8,255,127,10,12525
5275,105,3660,55,53,3,119,-3,15,5010
4093,-84,4922,53,16,3,390,-37,-10,3595
4140,-419,289,1,4,-4,43,3,-26,5305
927,-18,1069,5,20,-8,164,16,-6,1185
3055,16,2372,1,11,28,52,10,7,3148
3143,-236,939,12,61,8,2036,49,-122,3708
427500,1662,58570,730,-536,314,2336,-1266,246,558000
3073,58,6899,7,50,54,1268,43,11,3133
3308,63,3774,-2,6,0,147,8,5,3353
5950,56,2190,2,16,7,79,14,9,8075
4227,199,1977,3,88,86,752,86,65,4230
3413,31,5584,0,20,4,134,20,3,2870
77300,856,41121,105,554,234,3942,449,334,92700
1390,37,665,0,30,22,96,31,12,1675
2233,-17196,6953,1,-1,-7,-15,-2,-280,1190
2290,40,1916,1,20,2,99,19,12,2565
5190,44,3258,0,22,6,129,22,5,5185
16750,-311,11637,65,11,-33,330,-54,-32,16100
2187,5,888,-1,0,8,63,1,2,2850
8740,180,3248,1,15,20,190,14,26,9950
2668,-178,2021,2,7,-30,150,5,-30,2125
6115,783,6420,57,-178,165,216,-235,59,5775
3061,8,2917,26,45,0,203,18,2,2808
13476,219,3704,11,26,13,307,15,53,5403
4055,73,3449,70,-144,30,1878,-214,43,3105
18000,939,11297,49,239,98,1710,190,171,15075
12625,644,5664,42,-8,22,68,-49,35,14125
18875,19,1042,19,3,18,154,-15,16,3445
5276,204,3573,35,103,21,345,68,39,4288
7800,103,7054,0,23,19,131,23,8,7385
10950,16,8240,17,29,12,233,12,1,11325
15350,510,11466,33,212,255,1168,178,172,16625
10595,-26,2077,2,-11,45,57,-13,-5,11670
6875,81,4764,26,-71,37,626,-96,31,7915
13300,-321,3443,2,-97,-4,397,-98,-43,14025
1608,-96,1555,6,-19,2,128,-25,-17,2398
213750,4651,275872,1979,3692,1601,38988,1712,1315,269500
3883,-194,2536,0,-6,-9,27,-6,-14,3485
28175,-164,7166,2,-5,-11,40,-7,-13,36825
3830,31,5803,2,-60,23,859,-62,8,3980
25550,740,4049,2,9,46,127,7,48,27800
19575,529,8178,2,52,44,258,50,64,19675
1137,8,277,0,21,5,155,21,2,1480
7090,408,3243,0,8,28,385,7,40,7060
10925,-95,2808,7,9,-18,221,2,-11,12375
8440,-599,13501,2,-5,16,77,-7,-94,7220
19825,355,6702,0,58,48,206,58,41,21125
6725,848,3256,1,-51,71,752,-52,103,5430
546000,4131,77438,41,189,202,378,148,158,511200
95100,783,104934,199,-692,141,4791,-890,94,91700
6065,-101,2413,0,35,1,397,34,4,9555
5220,56,3189,-79,9,-1,37,89,8,5233
4092,-245,1463,0,-16,-18,51,-16,-20,5105
13475,1089,58,-2,-117,243,55,-116,1149,7835
1113,-94,1713,1,-2,-13,375,-3,-47,1078
5810,-199,6720,14,87,4,458,74,-22,5345
27050,314,5438,6,180,46,350,174,31,29500
5490,207,8497,57,70,43,557,13,33,5955
3058,-660,5076,21,10,-21,74,-11,-140,1830
6250,-1045,3528,1,12,-44,14,11,-66,7905
4895,-378,3914,1,-1,2,463,-2,-46,5570
1363,-53,525,10,0,55,95,-10,-55,977
6780,-89,4940,7,-212,-15,329,-219,-36,9115
20550,453,6590,5,-47,46,369,-52,40,16525
14375,449,8124,20,-31,187,2355,-52,143,16875
58750,1667,48036,1832,4105,2392,16106,2273,2097,53900
6970,-155,3633,1,48,-36,82,47,-21,6395
68900,709,13058,209,-101,206,2014,-311,157,84750
9565,118,13711,75,-14,48,654,-88,15,8615
7980,-72,4245,10,21,-11,48,11,-11,11850
28550,-332,2451,0,-51,-48,19,-51,-65,23150
4350,214,6217,10,62,51,463,52,33,4080
6160,-160,5535,0,46,15,111,46,-12,5930
80350,-1352,67860,23,253,48,1331,230,-114,98150
10880,202,12081,24,34,5,173,10,14,12750
4155,-107,1499,0,8,-9,58,8,-12,4288
6950,-299,5478,1,53,-42,281,52,-65,7980
4995,137,5023,36,-21,22,272,-58,15,5665
5038,-312,2641,7,-25,-28,83,-31,-32,3963
21375,2862,19387,28,525,434,2963,498,1731,18475
1925,-28,606,0,28,-9,47,28,-7,1965
32825,46,1785,1,-10,-3,37,-10,11,31100
85200,32,198415,65,126,-10,925,60,1,120500
2300,45,1448,6,23,27,243,17,16,2508
12275,145,7158,19,12,11,119,-7,17,9195
5936,-28,4304,162,127,-5,67,-34,-2,5238
19750,28,2897,10,3,2,18,-7,6,20675
1376,-98,2213,15,-29,-9,182,-44,-16,1087
10505,-54,7898,11,11,-9,79,0,-4,9275
28550,-969,23217,35,18,-49,637,-17,-33,20550
6820,-1017,2045,88,99,-64,182,11,-87,5970
77300,-213,7016,18,3,7,21,-16,-8,87100
55900,1275,23957,1,170,163,422,170,215,52350
1573,24,844,2,53,21,143,52,15,1515
126500,2050,68402,51,41,272,1900,-9,207,165000
42100,2813,31272,8,84,149,544,76,175,46925
116250,340,19925,451,-9,94,2191,-460,25,120500
3096,-40,1931,5,0,0,85,-5,-18,3048
14450,-184,11437,47,-23,23,473,-69,-25,13150
12025,-257,14967,7,133,-31,80,125,-28,13950
10500,-1324,3935,0,-20,-25,97,-20,-167,11090
1841,8,1282,7,-30,-5,72,-37,1,1803
956,-26,1492,9,-20,-23,76,-29,-20,1258
29550,-100,3626,-28,-36,-16,25,-8,-13,33675
2675,-1,618,1,-12,-5,36,-14,-1,1490
13225,362,5982,31,-59,6,175,-90,22,12100
5193,70,5858,22,25,2,79,3,5,4790
1215,108,345,0,-4,37,261,-4,43,1170
30075,174,4302,36,63,86,655,27,51,30200
4200,-82,1135,6,-34,-22,113,-39,-54,14450
34125,186,11884,58,-28,35,139,-86,19,41675
9970,-64,4303,1,29,1,67,29,-5,9510
10260,546,23900,522,72,307,5600,-450,144,10725
4112,-15,960,3,-4,-5,19,-7,-7,9095
3553,-52,1583,28,-17,-18,54,-45,-13,3918
4448,129,969,2,24,44,145,22,46,4143
2898,-122,462,1,-25,-14,52,-26,-43,1898
14875,90,3239,8,13,26,133,5,20,17650
2558,58,1105,1,15,18,80,14,15,3418
2866,85,1346,12,16,14,213,3,23,2323
22525,613,9552,18,-44,79,757,-62,68,19400
28175,551,13157,0,-253,122,774,-253,84,32475
16950,904,21323,102,299,197,3960,198,194,14400
23050,149,5808,5,59,49,149,54,24,26225
68650,499,31775,19,-45,214,2873,-64,140,75150
5310,83,8834,7,55,35,492,48,8,5150
73350,881,22826,4,238,99,158,234,94,79600
14600,6,6880,99,-76,19,622,-175,1,20125
23700,355,8307,52,-1,16,157,-53,24,22650
43075,84,18272,2,11,16,111,9,8,53900
46575,986,19227,13,46,56,528,33,62,45875
38050,-2313,70554,55,95,-64,473,40,-54,54450
39325,509,7331,31,65,45,691,34,46,34825
20500,180,4784,2,5,2,79,4,9,19425
9040,155,9745,5,25,7,134,21,6,8250
15100,554,15850,16,3,22,121,-13,22,16050
18300,247,3952,248,108,22,262,-140,50,20600
12425,412,8010,144,23,164,2049,-120,92,10550
1120,-43,235,10,-119,-11,244,-129,-28,908
29325,625,19779,12,80,133,541,68,109,48725
14050,302,19999,1,31,16,334,31,27,15150
26850,631,12462,1,118,33,122,116,45,23025
1587,-170,555,8,-90,-18,-48,-97,-84,4380
4325,-48,1975,7,-17,-23,60,-24,-19,4880
